file,method,metric,margin_mean,gradient_mean,margin_points,gradient_points
0WxgIKuetYI_0_s0_f0_0044.npz,Euclidean,euclidean,0.4105910062789917,2.1361756324768066,1,1
0WxgIKuetYI_0_s0_f2_0045.npz,Euclidean,euclidean,0.6063335537910461,2.3845481872558594,1,1
0WxgIKuetYI_0_s0_f4_0046.npz,Euclidean,euclidean,0.5217222571372986,2.3575613498687744,1,1
0WxgIKuetYI_0_s1_f0_0047.npz,Euclidean,euclidean,0.5173716992139816,1.2015354633331299,2,2
0WxgIKuetYI_0_s1_f1_0048.npz,Euclidean,euclidean,0.47245344519615173,2.4306979179382324,1,1
0WxgIKuetYI_0_s1_f2_0049.npz,Euclidean,euclidean,0.5150700956583023,1.1630236506462097,2,2
0WxgIKuetYI_0_s1_f3_0050.npz,Euclidean,euclidean,0.45444820324579877,0.7773076097170512,3,3
0WxgIKuetYI_0_s1_f4_0051.npz,Euclidean,euclidean,0.45207756757736206,0.7732138633728027,3,3
0WxgIKuetYI_0_s2_f0_0052.npz,Euclidean,euclidean,0.42752830386161805,0.15888309677441914,15,15
0WxgIKuetYI_0_s2_f1_0053.npz,Euclidean,euclidean,0.40559410452842715,0.23184106945991517,10,10
0WxgIKuetYI_0_s2_f2_0054.npz,Euclidean,euclidean,0.43874460458755493,0.23783405721187592,10,10
0WxgIKuetYI_0_s2_f3_0055.npz,Euclidean,euclidean,0.3978247479958968,0.212468914010308,11,11
0WxgIKuetYI_0_s2_f4_0056.npz,Euclidean,euclidean,0.42836226357354057,0.2662879327932994,9,9
0bzkGQLy7b4_2_s0_f0_0012.npz,Euclidean,euclidean,0.34918054938316345,1.2149662971496582,2,2
0bzkGQLy7b4_2_s0_f1_0013.npz,Euclidean,euclidean,0.31009716391563413,0.5077980935573578,5,5
0bzkGQLy7b4_2_s0_f2_0014.npz,Euclidean,euclidean,0.2847186028957367,0.8475178480148315,3,3
0bzkGQLy7b4_2_s0_f3_0015.npz,Euclidean,euclidean,0.39220908284187317,0.7688913544019064,3,3
0bzkGQLy7b4_2_s0_f4_0016.npz,Euclidean,euclidean,0.44894496351480484,0.5355900302529335,4,4
0bzkGQLy7b4_2_s1_f0_0017.npz,Euclidean,euclidean,0.37941460655285764,0.19465421369442573,13,13
0bzkGQLy7b4_2_s1_f1_0018.npz,Euclidean,euclidean,0.36458082795143126,0.488120299577713,5,5
0bzkGQLy7b4_2_s1_f2_0019.npz,Euclidean,euclidean,0.39909503236413,0.3130197189748287,8,8
0bzkGQLy7b4_2_s1_f3_0020.npz,Euclidean,euclidean,0.36143565457314253,0.30257398821413517,8,8
0bzkGQLy7b4_2_s1_f4_0021.npz,Euclidean,euclidean,0.42346838116645813,0.25026516285207534,9,9
0bzkGQLy7b4_2_s2_f0_0022.npz,Euclidean,euclidean,0.23985034854788528,0.15339002797478124,19,19
0bzkGQLy7b4_2_s2_f1_0023.npz,Euclidean,euclidean,0.3252866697662017,0.06881792426985853,34,34
0bzkGQLy7b4_2_s2_f2_0024.npz,Euclidean,euclidean,0.31758008209558636,0.0909636989235878,26,26
0bzkGQLy7b4_2_s2_f3_0025.npz,Euclidean,euclidean,0.26456775310738334,0.0869813312230439,29,29
0bzkGQLy7b4_2_s2_f4_0026.npz,Euclidean,euclidean,0.3295418901575936,0.08442733354038662,27,27
0mqckt2Uca8_0_s1_f3_0027.npz,Euclidean,euclidean,0.26051029562950134,3.0374293327331543,1,1
0mqckt2Uca8_0_s1_f4_0028.npz,Euclidean,euclidean,0.696533739566803,1.8472965955734253,1,1
0mqckt2Uca8_0_s2_f3_0029.npz,Euclidean,euclidean,0.3132651497920354,0.9200235803922018,3,3
0mqckt2Uca8_0_s2_f4_0030.npz,Euclidean,euclidean,0.49580525159835814,0.4597127914428711,5,5
0mqckt2Uca8_2_s0_f1_0031.npz,Euclidean,euclidean,0.6202312707901001,0.9285798370838165,2,2
0mqckt2Uca8_2_s0_f2_0032.npz,Euclidean,euclidean,0.14134276658296585,1.3187240958213806,2,2
0mqckt2Uca8_2_s0_f3_0033.npz,Euclidean,euclidean,0.5162532925605774,2.1296863555908203,1,1
0mqckt2Uca8_2_s1_f0_0034.npz,Euclidean,euclidean,0.5430504381656647,1.087672770023346,2,2
0mqckt2Uca8_2_s1_f1_0035.npz,Euclidean,euclidean,0.5721893906593323,1.861212968826294,1,1
0mqckt2Uca8_2_s1_f2_0036.npz,Euclidean,euclidean,0.4008793570101261,0.5750154703855515,4,4
0mqckt2Uca8_2_s1_f3_0037.npz,Euclidean,euclidean,0.14257700741291046,2.7250730991363525,1,1
0mqckt2Uca8_2_s1_f4_0038.npz,Euclidean,euclidean,0.35766303539276123,2.8000693321228027,1,1
0mqckt2Uca8_2_s2_f0_0039.npz,Euclidean,euclidean,0.30549261305067277,0.2563646733760834,9,9
0mqckt2Uca8_2_s2_f1_0040.npz,Euclidean,euclidean,0.3554282552666134,0.24000859591695997,9,9
0mqckt2Uca8_2_s2_f2_0041.npz,Euclidean,euclidean,0.3759273754225837,0.24414669473965964,9,9
0mqckt2Uca8_2_s2_f3_0042.npz,Euclidean,euclidean,0.25399990752339363,0.664140596985817,4,4
0mqckt2Uca8_2_s2_f4_0043.npz,Euclidean,euclidean,0.3170748114585876,0.5103049457073212,5,5
26xaTuDMCIQ_1_s0_f0_0057.npz,Euclidean,euclidean,0.36517104506492615,2.8236119747161865,1,1
26xaTuDMCIQ_1_s0_f2_0058.npz,Euclidean,euclidean,0.5594777911901474,1.1081453561782837,2,2
26xaTuDMCIQ_1_s0_f3_0059.npz,Euclidean,euclidean,0.39647064357995987,1.186279058456421,2,2
26xaTuDMCIQ_1_s0_f4_0060.npz,Euclidean,euclidean,0.5328852534294128,1.0543949604034424,2,2
26xaTuDMCIQ_1_s1_f0_0061.npz,Euclidean,euclidean,0.2557843377192815,1.0627859036127727,3,3
26xaTuDMCIQ_1_s1_f1_0062.npz,Euclidean,euclidean,0.3320983573794365,1.3595392107963562,2,2
26xaTuDMCIQ_1_s1_f2_0063.npz,Euclidean,euclidean,0.395441010594368,0.5666531175374985,4,4
26xaTuDMCIQ_1_s1_f3_0064.npz,Euclidean,euclidean,0.3208594508469105,0.6158227026462555,4,4
26xaTuDMCIQ_1_s1_f4_0065.npz,Euclidean,euclidean,0.3917661651968956,0.21564240455627443,10,10
26xaTuDMCIQ_1_s2_f0_0066.npz,Euclidean,euclidean,0.11321290243918505,0.23538354841562417,13,13
26xaTuDMCIQ_1_s2_f1_0067.npz,Euclidean,euclidean,0.24836295772166478,0.12673660048416682,21,21
26xaTuDMCIQ_1_s2_f2_0068.npz,Euclidean,euclidean,0.1956549621296718,0.15362549617010005,17,17
26xaTuDMCIQ_1_s2_f3_0069.npz,Euclidean,euclidean,0.2449065393635205,0.12030950898215884,21,21
26xaTuDMCIQ_1_s2_f4_0070.npz,Euclidean,euclidean,0.289629455833208,0.11240619350047339,21,21
28XJmUz906g_0_s0_f1_0071.npz,Euclidean,euclidean,0.5950106978416443,0.5615236957867941,3,3
28XJmUz906g_0_s0_f3_0072.npz,Euclidean,euclidean,0.8136652708053589,1.8664389848709106,1,1
28XJmUz906g_0_s0_f4_0073.npz,Euclidean,euclidean,0.531287670135498,1.7352266311645508,1,1
28XJmUz906g_0_s1_f0_0074.npz,Euclidean,euclidean,0.6005490124225616,0.3923952758312225,5,5
28XJmUz906g_0_s1_f1_0075.npz,Euclidean,euclidean,0.5253050540174756,0.2537441211087363,7,7
28XJmUz906g_0_s1_f2_0076.npz,Euclidean,euclidean,0.37884003669023514,0.8028746048609415,3,3
28XJmUz906g_0_s1_f3_0077.npz,Euclidean,euclidean,0.6300056193556104,0.2778083086013794,7,7
28XJmUz906g_0_s1_f4_0078.npz,Euclidean,euclidean,0.6579102575778961,0.27613339324792224,6,6
28XJmUz906g_0_s2_f0_0079.npz,Euclidean,euclidean,0.46507717156782746,0.12681689858436584,16,16
28XJmUz906g_0_s2_f1_0080.npz,Euclidean,euclidean,0.46103329926729203,0.07790221095085144,25,25
28XJmUz906g_0_s2_f2_0081.npz,Euclidean,euclidean,0.3947651281952858,0.1544701079527537,15,15
28XJmUz906g_0_s2_f3_0082.npz,Euclidean,euclidean,0.5002997312694788,0.1293580261990428,16,16
28XJmUz906g_0_s2_f4_0083.npz,Euclidean,euclidean,0.581951841711998,0.14499690135320029,12,12
3vheOi4y540_1_s0_f1_0084.npz,Euclidean,euclidean,0.3368632420897484,1.1444669663906097,2,2
3vheOi4y540_1_s0_f2_0085.npz,Euclidean,euclidean,0.5385874509811401,0.878688246011734,2,2
3vheOi4y540_1_s0_f3_0086.npz,Euclidean,euclidean,0.43804115056991577,1.6609443426132202,1,1
3vheOi4y540_1_s1_f0_0087.npz,Euclidean,euclidean,0.6166923642158508,0.5241819421450297,3,3
3vheOi4y540_1_s1_f1_0088.npz,Euclidean,euclidean,0.630145937204361,0.7720226347446442,2,2
3vheOi4y540_1_s1_f2_0089.npz,Euclidean,euclidean,0.5647662452289036,0.25562685302325655,7,7
3vheOi4y540_1_s1_f3_0090.npz,Euclidean,euclidean,0.5736224353313446,0.5763953328132629,3,3
3vheOi4y540_1_s1_f4_0091.npz,Euclidean,euclidean,0.4924565628170967,0.306611234943072,6,6
3vheOi4y540_1_s2_f0_0092.npz,Euclidean,euclidean,0.4369479770010168,0.1635680225762454,11,11
3vheOi4y540_1_s2_f1_0093.npz,Euclidean,euclidean,0.5015926137566566,0.20363738015294075,8,8
3vheOi4y540_1_s2_f2_0094.npz,Euclidean,euclidean,0.4669066539832524,0.27696741478783743,7,7
3vheOi4y540_1_s2_f3_0095.npz,Euclidean,euclidean,0.42075809091329575,0.15214605629444122,12,12
3vheOi4y540_1_s2_f4_0096.npz,Euclidean,euclidean,0.4191830562693732,0.14079294566597259,14,14
9xp46AwF9BY_3_s0_f2_0097.npz,Euclidean,euclidean,0.5727262496948242,1.8188014030456543,1,1
9xp46AwF9BY_3_s0_f3_0098.npz,Euclidean,euclidean,0.6024008989334106,1.8826689720153809,1,1
9xp46AwF9BY_3_s0_f4_0099.npz,Euclidean,euclidean,0.34224945803483325,0.6799273292223612,3,3
9xp46AwF9BY_3_s1_f0_0100.npz,Euclidean,euclidean,0.5674629807472229,0.8864603340625763,2,2
9xp46AwF9BY_3_s1_f1_0101.npz,Euclidean,euclidean,0.5647180676460266,0.5930104454358419,3,3
9xp46AwF9BY_3_s1_f2_0102.npz,Euclidean,euclidean,0.6550217270851135,1.749442458152771,1,1
9xp46AwF9BY_3_s1_f3_0103.npz,Euclidean,euclidean,0.5867245495319366,0.9193989038467407,2,2
9xp46AwF9BY_3_s1_f4_0104.npz,Euclidean,euclidean,0.6249109506607056,0.9015090465545654,2,2
9xp46AwF9BY_3_s2_f0_0105.npz,Euclidean,euclidean,0.5050910668713706,0.13784638685839518,14,14
9xp46AwF9BY_3_s2_f1_0106.npz,Euclidean,euclidean,0.5480938951174418,0.29875148832798004,6,6
9xp46AwF9BY_3_s2_f2_0107.npz,Euclidean,euclidean,0.5266050696372986,0.21110926568508148,9,9
9xp46AwF9BY_3_s2_f3_0108.npz,Euclidean,euclidean,0.5116105882021097,0.15046902230152717,13,13
9xp46AwF9BY_3_s2_f4_0109.npz,Euclidean,euclidean,0.5359394649664561,0.20790199273162419,9,9
BZyTr2Pku2A_2_s0_f0_0136.npz,Euclidean,euclidean,0.41313406825065613,0.8919281661510468,2,2
BZyTr2Pku2A_2_s0_f1_0137.npz,Euclidean,euclidean,0.5534139275550842,1.6446613073349,1,1
BZyTr2Pku2A_2_s0_f2_0138.npz,Euclidean,euclidean,0.41617582738399506,0.8890011310577393,2,2
BZyTr2Pku2A_2_s0_f3_0139.npz,Euclidean,euclidean,0.4252072423696518,0.8743630051612854,2,2
BZyTr2Pku2A_2_s0_f4_0140.npz,Euclidean,euclidean,0.538288950920105,1.6738725900650024,1,1
BZyTr2Pku2A_2_s1_f0_0141.npz,Euclidean,euclidean,0.4497641672690709,0.6147819558779398,3,3
BZyTr2Pku2A_2_s1_f1_0142.npz,Euclidean,euclidean,0.42802372574806213,1.6031721830368042,1,1
BZyTr2Pku2A_2_s1_f2_0143.npz,Euclidean,euclidean,0.725456714630127,1.6513992547988892,1,1
BZyTr2Pku2A_2_s1_f3_0144.npz,Euclidean,euclidean,0.4823578546444575,0.6195686260859171,3,3
BZyTr2Pku2A_2_s1_f4_0145.npz,Euclidean,euclidean,0.6058444976806641,0.8190029859542847,2,2
BZyTr2Pku2A_2_s2_f0_0146.npz,Euclidean,euclidean,0.47338464991612866,0.16647438163107092,11,11
BZyTr2Pku2A_2_s2_f1_0147.npz,Euclidean,euclidean,0.48335771821439266,0.11277031898498535,16,16
BZyTr2Pku2A_2_s2_f2_0148.npz,Euclidean,euclidean,0.4553058181817715,0.14219458057330206,13,13
BZyTr2Pku2A_2_s2_f3_0149.npz,Euclidean,euclidean,0.45419677240507944,0.1306254773267678,14,14
BZyTr2Pku2A_2_s2_f4_0150.npz,Euclidean,euclidean,0.49649965167045595,0.17739417552947997,10,10
BvtaXGFoeRA_0_s0_f0_0123.npz,Euclidean,euclidean,0.5000138878822327,1.6533511877059937,1,1
BvtaXGFoeRA_0_s0_f3_0124.npz,Euclidean,euclidean,0.5765272974967957,0.7871747314929962,2,2
BvtaXGFoeRA_0_s0_f4_0125.npz,Euclidean,euclidean,0.5291938781738281,1.6803337335586548,1,1
BvtaXGFoeRA_0_s1_f0_0126.npz,Euclidean,euclidean,0.5084848403930664,1.7492188215255737,1,1
BvtaXGFoeRA_0_s1_f1_0127.npz,Euclidean,euclidean,0.5904232462247213,0.6016353766123453,3,3
BvtaXGFoeRA_0_s1_f2_0128.npz,Euclidean,euclidean,0.602073406179746,0.2763121078411738,6,6
BvtaXGFoeRA_0_s1_f3_0129.npz,Euclidean,euclidean,0.502119529992342,0.23334994539618492,8,8
BvtaXGFoeRA_0_s1_f4_0130.npz,Euclidean,euclidean,0.540860672791799,0.5726912021636963,3,3
BvtaXGFoeRA_0_s2_f0_0131.npz,Euclidean,euclidean,0.4846047858397166,0.296533743540446,6,6
BvtaXGFoeRA_0_s2_f1_0132.npz,Euclidean,euclidean,0.484937584400177,0.38982982039451597,5,5
BvtaXGFoeRA_0_s2_f2_0133.npz,Euclidean,euclidean,0.5859330637114388,0.12037207771624837,14,14
BvtaXGFoeRA_0_s2_f3_0134.npz,Euclidean,euclidean,0.5162121329988753,0.050942487801824296,35,35
BvtaXGFoeRA_0_s2_f4_0135.npz,Euclidean,euclidean,0.498906318630491,0.23976409009524755,7,7
CNbSq__q-BY_s0_f3_0151.npz,Euclidean,euclidean,0.21636192500591278,2.7718281745910645,1,1
CNbSq__q-BY_s1_f2_0152.npz,Euclidean,euclidean,0.6779217720031738,0.8340406715869904,2,2
CNbSq__q-BY_s1_f3_0153.npz,Euclidean,euclidean,0.4662763476371765,0.6307458281517029,3,3
CNbSq__q-BY_s2_f1_0154.npz,Euclidean,euclidean,0.6217762380838394,0.4334086403250694,4,4
CNbSq__q-BY_s2_f2_0155.npz,Euclidean,euclidean,0.5644892245531082,0.1795788899064064,10,10
CNbSq__q-BY_s2_f3_0156.npz,Euclidean,euclidean,0.29423600109294057,0.27426574379205704,8,8
DGC9d3n7Tpw_0_s0_f3_0157.npz,Euclidean,euclidean,0.47513630986213684,1.9647165536880493,1,1
DGC9d3n7Tpw_0_s1_f3_0158.npz,Euclidean,euclidean,0.49734368920326233,0.6221821308135986,3,3
DGC9d3n7Tpw_0_s2_f0_0159.npz,Euclidean,euclidean,0.31944523453712464,0.44793063402175903,5,5
DGC9d3n7Tpw_0_s2_f3_0160.npz,Euclidean,euclidean,0.33422567198673886,0.3486272046963374,6,6
ELZzyhWMdqA_0_s0_f0_0161.npz,Euclidean,euclidean,0.5339905023574829,2.1496639251708984,1,1
ELZzyhWMdqA_0_s0_f2_0162.npz,Euclidean,euclidean,0.22855496406555176,2.3240435123443604,1,1
ELZzyhWMdqA_0_s0_f3_0163.npz,Euclidean,euclidean,0.16203998029232025,2.9072463512420654,1,1
ELZzyhWMdqA_0_s0_f4_0164.npz,Euclidean,euclidean,0.2862498462200165,1.7156763076782227,1,1
ELZzyhWMdqA_0_s1_f1_0165.npz,Euclidean,euclidean,0.5963997840881348,1.1605347394943237,2,2
ELZzyhWMdqA_0_s1_f2_0166.npz,Euclidean,euclidean,0.3762885332107544,0.7131943305333456,3,3
ELZzyhWMdqA_0_s1_f3_0167.npz,Euclidean,euclidean,0.3734436556696892,0.4310635104775429,4,4
ELZzyhWMdqA_0_s1_f4_0168.npz,Euclidean,euclidean,0.3211946090062459,0.5701492230097452,3,3
ELZzyhWMdqA_0_s2_f0_0169.npz,Euclidean,euclidean,0.44815826416015625,0.4570476055145264,5,5
ELZzyhWMdqA_0_s2_f1_0170.npz,Euclidean,euclidean,0.45231449604034424,0.47504827976226804,5,5
ELZzyhWMdqA_0_s2_f2_0171.npz,Euclidean,euclidean,0.23563929816538637,0.20023917068134656,11,11
ELZzyhWMdqA_0_s2_f3_0172.npz,Euclidean,euclidean,0.21764925613322042,0.18497691235759042,11,11
ELZzyhWMdqA_0_s2_f4_0173.npz,Euclidean,euclidean,0.19782513093489867,0.15249419097716993,13,13
ELZzyhWMdqA_1_s0_f0_0174.npz,Euclidean,euclidean,0.3906790316104889,2.5754547119140625,1,1
ELZzyhWMdqA_1_s0_f2_0175.npz,Euclidean,euclidean,0.5202857851982117,2.538856267929077,1,1
ELZzyhWMdqA_1_s1_f0_0176.npz,Euclidean,euclidean,0.40825615184647696,0.33020723291805815,7,7
ELZzyhWMdqA_1_s1_f1_0177.npz,Euclidean,euclidean,0.3822123358647029,0.3730093389749527,6,6
ELZzyhWMdqA_1_s1_f2_0178.npz,Euclidean,euclidean,0.47878414392471313,0.45264639854431155,5,5
ELZzyhWMdqA_1_s1_f3_0179.npz,Euclidean,euclidean,0.43746018409729004,0.2272317722439766,10,10
ELZzyhWMdqA_1_s1_f4_0180.npz,Euclidean,euclidean,0.48714413245519,0.721503754456838,3,3
ELZzyhWMdqA_1_s2_f0_0181.npz,Euclidean,euclidean,0.32514404218930465,0.1774116949393199,13,13
ELZzyhWMdqA_1_s2_f1_0182.npz,Euclidean,euclidean,0.31458299121131067,0.10138084285933038,23,23
ELZzyhWMdqA_1_s2_f2_0183.npz,Euclidean,euclidean,0.30496117046901156,0.16807771793433599,14,14
ELZzyhWMdqA_1_s2_f3_0184.npz,Euclidean,euclidean,0.2887721389532089,0.23528920859098434,10,10
ELZzyhWMdqA_1_s2_f4_0185.npz,Euclidean,euclidean,0.3469017491890834,0.16574315612132734,13,13
EnpqqJXs0aY_2_s0_f2_0196.npz,Euclidean,euclidean,0.6415260434150696,0.8920302391052246,2,2
EnpqqJXs0aY_2_s0_f3_0197.npz,Euclidean,euclidean,0.509471595287323,1.8737359046936035,1,1
EnpqqJXs0aY_2_s0_f4_0198.npz,Euclidean,euclidean,0.6356161236763,1.623369812965393,1,1
EnpqqJXs0aY_2_s1_f0_0199.npz,Euclidean,euclidean,0.5780113637447357,0.4414455518126488,4,4
EnpqqJXs0aY_2_s1_f1_0200.npz,Euclidean,euclidean,0.6447595715522766,0.35095164775848386,5,5
EnpqqJXs0aY_2_s1_f2_0201.npz,Euclidean,euclidean,0.6109119355678558,0.28992174565792084,6,6
EnpqqJXs0aY_2_s1_f3_0202.npz,Euclidean,euclidean,0.5996594031651815,0.5897987286249796,3,3
EnpqqJXs0aY_2_s1_f4_0203.npz,Euclidean,euclidean,0.5988717317581177,0.34087268710136415,5,5
EnpqqJXs0aY_2_s2_f0_0204.npz,Euclidean,euclidean,0.4796155078543557,0.10261028135816257,18,18
EnpqqJXs0aY_2_s2_f1_0205.npz,Euclidean,euclidean,0.4882356759748961,0.09726419417481673,19,19
EnpqqJXs0aY_2_s2_f2_0206.npz,Euclidean,euclidean,0.5233658289208132,0.10529983394286212,17,17
EnpqqJXs0aY_2_s2_f3_0207.npz,Euclidean,euclidean,0.5016615846577812,0.10706402449046865,17,17
EnpqqJXs0aY_2_s2_f4_0208.npz,Euclidean,euclidean,0.5109555206515572,0.0822244377976114,22,22
FgNwZuMFQwY_0_s0_f2_0209.npz,Euclidean,euclidean,0.6128896176815033,0.8496311604976654,2,2
FgNwZuMFQwY_0_s0_f3_0210.npz,Euclidean,euclidean,0.48404060304164886,0.8587144911289215,2,2
FgNwZuMFQwY_0_s1_f0_0211.npz,Euclidean,euclidean,0.35312695801258087,0.9160235325495402,3,3
FgNwZuMFQwY_0_s1_f1_0212.npz,Euclidean,euclidean,0.03425652161240578,3.840212106704712,1,1
FgNwZuMFQwY_0_s1_f2_0213.npz,Euclidean,euclidean,0.43882040679454803,1.0131097733974457,2,2
FgNwZuMFQwY_0_s1_f3_0214.npz,Euclidean,euclidean,0.4438490072886149,0.7178772489229838,3,3
FgNwZuMFQwY_0_s1_f4_0215.npz,Euclidean,euclidean,0.5316210389137268,0.9732502400875092,2,2
FgNwZuMFQwY_0_s2_f0_0216.npz,Euclidean,euclidean,0.3892741173505783,0.47528606057167055,5,5
FgNwZuMFQwY_0_s2_f1_0217.npz,Euclidean,euclidean,0.45389047265052795,0.3994149327278137,5,5
FgNwZuMFQwY_0_s2_f2_0218.npz,Euclidean,euclidean,0.3780410920556348,0.18859989310686404,13,13
FgNwZuMFQwY_0_s2_f3_0219.npz,Euclidean,euclidean,0.29576651041861624,0.3538369443267584,8,8
FgNwZuMFQwY_0_s2_f4_0220.npz,Euclidean,euclidean,0.38339548632502557,0.2409028008580208,10,10
FgNwZuMFQwY_1_s0_f1_0221.npz,Euclidean,euclidean,0.37305083870887756,0.4517696127295494,4,4
FgNwZuMFQwY_1_s0_f2_0222.npz,Euclidean,euclidean,0.45422495901584625,0.8656693994998932,2,2
FgNwZuMFQwY_1_s0_f3_0223.npz,Euclidean,euclidean,0.30993346869945526,0.9475601464509964,2,2
FgNwZuMFQwY_1_s1_f0_0224.npz,Euclidean,euclidean,0.6410946249961853,1.6615328788757324,1,1
FgNwZuMFQwY_1_s1_f1_0225.npz,Euclidean,euclidean,0.47684990614652634,0.4066593050956726,4,4
FgNwZuMFQwY_1_s1_f2_0226.npz,Euclidean,euclidean,0.37221021950244904,0.9785165786743164,2,2
FgNwZuMFQwY_1_s1_f3_0227.npz,Euclidean,euclidean,0.17663104832172394,0.9230698943138123,1,1
FgNwZuMFQwY_1_s2_f0_0228.npz,Euclidean,euclidean,0.49560001492500305,0.3097478399674098,6,6
FgNwZuMFQwY_1_s2_f1_0229.npz,Euclidean,euclidean,0.3764547426253557,0.21295883506536484,8,8
FgNwZuMFQwY_1_s2_f2_0230.npz,Euclidean,euclidean,0.4280968563897269,0.2610730401107243,7,7
FgNwZuMFQwY_1_s2_f3_0231.npz,Euclidean,euclidean,0.3342228765998568,0.4237731375864574,7,7
FhF2q_P-vAA_0_s0_f0_0232.npz,Euclidean,euclidean,0.061196219176054,2.78127121925354,1,1
FhF2q_P-vAA_0_s0_f2_0233.npz,Euclidean,euclidean,0.39135995507240295,1.3360329866409302,1,1
FhF2q_P-vAA_0_s0_f3_0234.npz,Euclidean,euclidean,0.3737013041973114,2.2073450088500977,1,1
FhF2q_P-vAA_0_s0_f4_0235.npz,Euclidean,euclidean,0.7805008292198181,1.853771448135376,1,1
FhF2q_P-vAA_0_s1_f1_0236.npz,Euclidean,euclidean,0.17104221880435944,2.1167147159576416,1,1
FhF2q_P-vAA_0_s1_f2_0237.npz,Euclidean,euclidean,0.23483626544475555,2.668388605117798,1,1
FhF2q_P-vAA_0_s1_f3_0238.npz,Euclidean,euclidean,0.6244724690914154,0.4836560934782028,4,4
FhF2q_P-vAA_0_s2_f0_0239.npz,Euclidean,euclidean,0.1984845892422729,0.2718539933363597,9,9
FhF2q_P-vAA_0_s2_f1_0240.npz,Euclidean,euclidean,0.13915189541876316,0.4958064705133438,4,4
FhF2q_P-vAA_0_s2_f2_0241.npz,Euclidean,euclidean,0.1993238516151905,0.5914210304617882,4,4
FhF2q_P-vAA_0_s2_f3_0242.npz,Euclidean,euclidean,0.5215126706494225,0.2136188248793284,9,9
FhF2q_P-vAA_0_s2_f4_0243.npz,Euclidean,euclidean,0.5319169635574023,0.16112286100784937,12,12
GJqSBf6p8qg_0_s0_f3_0244.npz,Euclidean,euclidean,0.7173082828521729,1.6156851053237915,1,1
GJqSBf6p8qg_0_s2_f0_0245.npz,Euclidean,euclidean,0.6843956112861633,1.614094614982605,1,1
GJqSBf6p8qg_0_s2_f3_0246.npz,Euclidean,euclidean,0.7482787370681763,1.7769770622253418,1,1
GJqSBf6p8qg_0_s2_f4_0247.npz,Euclidean,euclidean,0.6521769165992737,1.9371074438095093,1,1
GsfG9ZC8rUU_0_s0_f0_0269.npz,Euclidean,euclidean,0.5907382369041443,1.7359298467636108,1,1
GsfG9ZC8rUU_0_s0_f1_0270.npz,Euclidean,euclidean,0.5932769775390625,1.7459098100662231,1,1
GsfG9ZC8rUU_0_s0_f2_0271.npz,Euclidean,euclidean,0.5596888661384583,1.781866431236267,1,1
GsfG9ZC8rUU_0_s1_f0_0272.npz,Euclidean,euclidean,0.4843108739171709,0.23808055903230393,7,7
GsfG9ZC8rUU_0_s1_f1_0273.npz,Euclidean,euclidean,0.5648593366146087,0.33554075956344603,5,5
GsfG9ZC8rUU_0_s1_f2_0274.npz,Euclidean,euclidean,0.41630886238999665,0.23538754880428314,8,8
GsfG9ZC8rUU_0_s2_f0_0275.npz,Euclidean,euclidean,0.41301996767520904,0.07224813133478164,25,25
GsfG9ZC8rUU_0_s2_f1_0276.npz,Euclidean,euclidean,0.36655275326441317,0.05707690251224181,34,34
GsfG9ZC8rUU_0_s2_f2_0277.npz,Euclidean,euclidean,0.3560115155474893,0.06845340042792518,29,29
I8K17mzV-QU_0_s0_f1_0278.npz,Euclidean,euclidean,0.5436624884605408,2.092921733856201,1,1
I8K17mzV-QU_0_s1_f0_0279.npz,Euclidean,euclidean,0.5082841962575912,1.0811946392059326,2,2
I8K17mzV-QU_0_s1_f1_0280.npz,Euclidean,euclidean,0.6482821702957153,2.1527252197265625,1,1
I8K17mzV-QU_0_s1_f2_0281.npz,Euclidean,euclidean,0.4972483615080516,0.7499898473421732,3,3
I8K17mzV-QU_0_s1_f3_0282.npz,Euclidean,euclidean,0.600704163312912,1.0283492803573608,2,2
I8K17mzV-QU_0_s1_f4_0283.npz,Euclidean,euclidean,0.29166603088378906,2.6702966690063477,1,1
I8K17mzV-QU_0_s2_f0_0284.npz,Euclidean,euclidean,0.334625814642225,0.34883213894707815,7,7
I8K17mzV-QU_0_s2_f1_0285.npz,Euclidean,euclidean,0.44971400996049243,0.362587034702301,6,6
I8K17mzV-QU_0_s2_f2_0286.npz,Euclidean,euclidean,0.38329683031354633,0.3362725589956556,7,7
I8K17mzV-QU_0_s2_f3_0287.npz,Euclidean,euclidean,0.4649706244468689,0.43038191795349123,5,5
I8K17mzV-QU_0_s2_f4_0288.npz,Euclidean,euclidean,0.39359859824180604,0.4666850805282593,5,5
Kd42SbTQv2U_11_s0_f0_0289.npz,Euclidean,euclidean,0.5811082720756531,1.7570463418960571,1,1
Kd42SbTQv2U_11_s0_f2_0290.npz,Euclidean,euclidean,0.6164335012435913,1.6536699533462524,1,1
Kd42SbTQv2U_11_s0_f3_0291.npz,Euclidean,euclidean,0.7218844294548035,1.7334527969360352,1,1
Kd42SbTQv2U_11_s0_f4_0292.npz,Euclidean,euclidean,0.7213560342788696,1.793795108795166,1,1
Kd42SbTQv2U_11_s1_f0_0293.npz,Euclidean,euclidean,0.6475868225097656,0.8053441941738129,2,2
Kd42SbTQv2U_11_s1_f1_0294.npz,Euclidean,euclidean,0.8598805069923401,1.7062077522277832,1,1
Kd42SbTQv2U_11_s1_f2_0295.npz,Euclidean,euclidean,0.5660453140735626,0.21314281597733498,8,8
Kd42SbTQv2U_11_s1_f3_0296.npz,Euclidean,euclidean,0.5406263768672943,0.8255408704280853,2,2
Kd42SbTQv2U_11_s1_f4_0297.npz,Euclidean,euclidean,0.6523049275080363,0.5703449249267578,3,3
Kd42SbTQv2U_11_s2_f0_0298.npz,Euclidean,euclidean,0.5996725000441074,0.10087483050301671,16,16
Kd42SbTQv2U_11_s2_f1_0299.npz,Euclidean,euclidean,0.5343434631824493,0.18593185096979142,10,10
Kd42SbTQv2U_11_s2_f2_0300.npz,Euclidean,euclidean,0.5428120091557502,0.08739006333053112,20,20
Kd42SbTQv2U_11_s2_f3_0301.npz,Euclidean,euclidean,0.49886975064873695,0.0615405049175024,28,28
Kd42SbTQv2U_11_s2_f4_0302.npz,Euclidean,euclidean,0.5576380874429431,0.2494613081216812,7,7
OPXHT-rt5BQ_1_s0_f1_0357.npz,Euclidean,euclidean,0.6008905172348022,0.8203868567943573,2,2
OPXHT-rt5BQ_1_s0_f4_0358.npz,Euclidean,euclidean,0.48895344138145447,2.042759895324707,1,1
OPXHT-rt5BQ_1_s1_f0_0359.npz,Euclidean,euclidean,0.5168919165929159,0.5358921488126119,3,3
OPXHT-rt5BQ_1_s1_f1_0360.npz,Euclidean,euclidean,0.5766773819923401,1.6980676651000977,1,1
OPXHT-rt5BQ_1_s1_f2_0361.npz,Euclidean,euclidean,0.519650270541509,0.5921992659568787,3,3
OPXHT-rt5BQ_1_s1_f3_0362.npz,Euclidean,euclidean,0.5383738478024801,0.27466364701588947,6,6
OPXHT-rt5BQ_1_s1_f4_0363.npz,Euclidean,euclidean,0.5728083678654262,0.239146317754473,7,7
OPXHT-rt5BQ_1_s2_f0_0364.npz,Euclidean,euclidean,0.4476732970638709,0.07960905202410438,22,22
OPXHT-rt5BQ_1_s2_f1_0365.npz,Euclidean,euclidean,0.47216226657231647,0.08266611610140119,21,21
OPXHT-rt5BQ_1_s2_f2_0366.npz,Euclidean,euclidean,0.4791705831885338,0.068611391633749,25,25
OPXHT-rt5BQ_1_s2_f3_0367.npz,Euclidean,euclidean,0.5039091209570566,0.08214253293616432,21,21
OPXHT-rt5BQ_1_s2_f4_0368.npz,Euclidean,euclidean,0.45237762990750763,0.09372754708716743,19,19
OfcjlybYwFs_2_s0_f0_0349.npz,Euclidean,euclidean,0.3138594925403595,0.9121266603469849,1,1
OfcjlybYwFs_2_s0_f1_0350.npz,Euclidean,euclidean,0.77145916223526,1.6718467473983765,1,1
OfcjlybYwFs_2_s1_f0_0351.npz,Euclidean,euclidean,0.20609958097338676,0.2792990133166313,6,6
OfcjlybYwFs_2_s1_f1_0352.npz,Euclidean,euclidean,0.6468582153320312,1.7011784315109253,1,1
OfcjlybYwFs_2_s1_f4_0353.npz,Euclidean,euclidean,0.6794480085372925,0.4298437088727951,4,4
OfcjlybYwFs_2_s2_f0_0354.npz,Euclidean,euclidean,0.2033729225707551,0.08993585780262947,24,24
OfcjlybYwFs_2_s2_f1_0355.npz,Euclidean,euclidean,0.6094795577228069,0.21864443831145763,8,8
OfcjlybYwFs_2_s2_f4_0356.npz,Euclidean,euclidean,0.593980318733624,0.12924252024718694,14,14
Ox7OpIu5CLI_1_s0_f0_0369.npz,Euclidean,euclidean,0.7099818587303162,1.5717507600784302,1,1
Ox7OpIu5CLI_1_s0_f3_0370.npz,Euclidean,euclidean,0.6555117964744568,0.8410089015960693,2,2
Ox7OpIu5CLI_1_s1_f0_0371.npz,Euclidean,euclidean,0.6295550380434308,0.2395478848900114,7,7
Ox7OpIu5CLI_1_s1_f1_0372.npz,Euclidean,euclidean,0.6779273003339767,0.1970168687403202,8,8
Ox7OpIu5CLI_1_s1_f2_0373.npz,Euclidean,euclidean,0.7317948341369629,0.7877788543701172,2,2
Ox7OpIu5CLI_1_s1_f3_0374.npz,Euclidean,euclidean,0.5909535735845566,0.27138027052084607,6,6
Ox7OpIu5CLI_1_s1_f4_0375.npz,Euclidean,euclidean,0.580169141292572,1.5658440589904785,1,1
Ox7OpIu5CLI_1_s2_f0_0376.npz,Euclidean,euclidean,0.530847852644713,0.0742331140715143,23,23
Ox7OpIu5CLI_1_s2_f1_0377.npz,Euclidean,euclidean,0.40548693388700485,0.2243512962013483,8,8
Ox7OpIu5CLI_1_s2_f2_0378.npz,Euclidean,euclidean,0.37418942029277485,0.1595109043021997,12,12
Ox7OpIu5CLI_1_s2_f3_0379.npz,Euclidean,euclidean,0.460395546186538,0.08367922121570223,21,21
Ox7OpIu5CLI_1_s2_f4_0380.npz,Euclidean,euclidean,0.5626181662082672,0.08542461458005403,19,19
Ox7OpIu5CLI_6_s0_f3_0381.npz,Euclidean,euclidean,0.6165046691894531,1.8039864301681519,1,1
Ox7OpIu5CLI_6_s1_f3_0382.npz,Euclidean,euclidean,0.6053184866905212,0.6034050583839417,3,3
Ox7OpIu5CLI_6_s2_f3_0383.npz,Euclidean,euclidean,0.4705671761184931,0.12094806460663676,16,16
Ox7OpIu5CLI_7_s0_f0_0384.npz,Euclidean,euclidean,0.6398661136627197,0.9602516889572144,2,2
Ox7OpIu5CLI_7_s0_f2_0385.npz,Euclidean,euclidean,0.5562625328699747,0.7643085320790609,3,3
Ox7OpIu5CLI_7_s0_f3_0386.npz,Euclidean,euclidean,0.5001662373542786,2.459929943084717,1,1
Ox7OpIu5CLI_7_s1_f0_0387.npz,Euclidean,euclidean,0.6020690500736237,1.025674045085907,2,2
Ox7OpIu5CLI_7_s1_f1_0388.npz,Euclidean,euclidean,0.5579232507281833,0.21907125247849357,9,9
Ox7OpIu5CLI_7_s1_f2_0389.npz,Euclidean,euclidean,0.5174868762493133,0.4534341633319855,5,5
Ox7OpIu5CLI_7_s1_f3_0390.npz,Euclidean,euclidean,0.47040216624736786,0.37289539476235706,6,6
Ox7OpIu5CLI_7_s1_f4_0391.npz,Euclidean,euclidean,0.6502553423245748,0.5262300372123718,3,3
Ox7OpIu5CLI_7_s2_f0_0392.npz,Euclidean,euclidean,0.47229524759145886,0.15700433345941398,13,13
Ox7OpIu5CLI_7_s2_f1_0393.npz,Euclidean,euclidean,0.4480985424348286,0.15599158619131362,14,14
Ox7OpIu5CLI_7_s2_f2_0394.npz,Euclidean,euclidean,0.3948197079741437,0.09929791384417078,23,23
Ox7OpIu5CLI_7_s2_f3_0395.npz,Euclidean,euclidean,0.36200111718089495,0.08519289504598689,27,27
Ox7OpIu5CLI_7_s2_f4_0396.npz,Euclidean,euclidean,0.5147717694441477,0.09507537426220046,18,18
PDhRwjqN83U_0_s0_f0_0397.npz,Euclidean,euclidean,0.4039185643196106,1.4056140184402466,2,2
PDhRwjqN83U_0_s0_f1_0398.npz,Euclidean,euclidean,0.32881397008895874,1.2804447412490845,1,1
PDhRwjqN83U_0_s0_f2_0399.npz,Euclidean,euclidean,0.41752922534942627,1.5936461687088013,1,1
PDhRwjqN83U_0_s0_f3_0400.npz,Euclidean,euclidean,0.5680871605873108,2.2020046710968018,1,1
PDhRwjqN83U_0_s0_f4_0401.npz,Euclidean,euclidean,0.5126138180494308,1.2523945569992065,2,2
PDhRwjqN83U_0_s1_f0_0402.npz,Euclidean,euclidean,0.4762323796749115,0.6868462413549423,4,4
PDhRwjqN83U_0_s1_f1_0403.npz,Euclidean,euclidean,0.264847365518411,0.6333001057306925,3,3
PDhRwjqN83U_0_s1_f2_0404.npz,Euclidean,euclidean,0.48304107785224915,0.8599885404109955,2,2
PDhRwjqN83U_0_s1_f3_0405.npz,Euclidean,euclidean,0.48685604333877563,2.1871912479400635,1,1
PDhRwjqN83U_0_s1_f4_0406.npz,Euclidean,euclidean,0.4580189883708954,1.2142781019210815,2,2
PDhRwjqN83U_0_s2_f0_0407.npz,Euclidean,euclidean,0.3178884966505898,0.2814356287320455,9,9
PDhRwjqN83U_0_s2_f1_0408.npz,Euclidean,euclidean,0.2792294411920011,0.2721260376274586,8,8
PDhRwjqN83U_0_s2_f2_0409.npz,Euclidean,euclidean,0.3980648945130053,0.09477927926040831,21,21
PDhRwjqN83U_0_s2_f3_0410.npz,Euclidean,euclidean,0.42652954243951374,0.2574935820367601,9,9
PDhRwjqN83U_0_s2_f4_0411.npz,Euclidean,euclidean,0.3291915586218238,0.2479351431131363,10,10
QYvhdbgEJPM_0_s0_f2_0445.npz,Euclidean,euclidean,0.49623434245586395,0.9536954760551453,2,2
QYvhdbgEJPM_0_s0_f4_0446.npz,Euclidean,euclidean,0.561467170715332,1.5445571541786194,2,2
QYvhdbgEJPM_0_s1_f0_0447.npz,Euclidean,euclidean,0.5636107861995697,0.4299267053604126,5,5
QYvhdbgEJPM_0_s1_f1_0448.npz,Euclidean,euclidean,0.651254415512085,0.8126317858695984,3,3
QYvhdbgEJPM_0_s1_f2_0449.npz,Euclidean,euclidean,0.47394771377245587,0.3833390722672145,6,6
QYvhdbgEJPM_0_s1_f3_0450.npz,Euclidean,euclidean,0.6316741704940796,1.2197002172470093,2,2
QYvhdbgEJPM_0_s1_f4_0451.npz,Euclidean,euclidean,0.46199747920036316,1.6224323511123657,2,2
QYvhdbgEJPM_0_s2_f0_0452.npz,Euclidean,euclidean,0.4833989441394806,0.23793650716543197,10,10
QYvhdbgEJPM_0_s2_f1_0453.npz,Euclidean,euclidean,0.5958842933177948,1.1821675896644592,2,2
QYvhdbgEJPM_0_s2_f2_0454.npz,Euclidean,euclidean,0.32203296705016066,0.09120174178055354,28,28
QYvhdbgEJPM_0_s2_f3_0455.npz,Euclidean,euclidean,0.4936615228652954,0.6137336790561676,4,4
QYvhdbgEJPM_0_s2_f4_0456.npz,Euclidean,euclidean,0.3901448462690626,0.42630086626325336,7,7
SWLG_3suH7w_0_s0_f2_0497.npz,Euclidean,euclidean,0.7132488489151001,2.102207899093628,1,1
SWLG_3suH7w_0_s0_f4_0498.npz,Euclidean,euclidean,0.7411907315254211,2.0418684482574463,1,1
SWLG_3suH7w_0_s1_f0_0499.npz,Euclidean,euclidean,0.5244241237640381,0.3718464732170105,5,5
SWLG_3suH7w_0_s1_f2_0500.npz,Euclidean,euclidean,0.6748370925585429,0.6959598461786906,3,3
SWLG_3suH7w_0_s1_f3_0501.npz,Euclidean,euclidean,0.6813257336616516,2.159043312072754,1,1
SWLG_3suH7w_0_s1_f4_0502.npz,Euclidean,euclidean,0.5818674564361572,2.0834929943084717,1,1
SWLG_3suH7w_0_s2_f0_0503.npz,Euclidean,euclidean,0.32541908671458564,0.07405859865248203,30,30
SWLG_3suH7w_0_s2_f1_0504.npz,Euclidean,euclidean,0.4808100759983063,0.30275321503480274,6,6
SWLG_3suH7w_0_s2_f2_0505.npz,Euclidean,euclidean,0.5067101381719112,0.2821139432489872,8,8
SWLG_3suH7w_0_s2_f3_0506.npz,Euclidean,euclidean,0.5134562452634176,0.36077626049518585,6,6
SWLG_3suH7w_0_s2_f4_0507.npz,Euclidean,euclidean,0.5275611281394958,0.26787177100777626,8,8
TeLISCmZ_w4_4_s0_f0_0508.npz,Euclidean,euclidean,0.7662633061408997,2.06002140045166,1,1
TeLISCmZ_w4_4_s0_f1_0509.npz,Euclidean,euclidean,0.7123123407363892,2.0697784423828125,1,1
TeLISCmZ_w4_4_s1_f0_0510.npz,Euclidean,euclidean,0.6992523074150085,1.8896560668945312,1,1
TeLISCmZ_w4_4_s1_f1_0511.npz,Euclidean,euclidean,0.6050546864668528,0.6747123201688131,3,3
TeLISCmZ_w4_4_s1_f3_0512.npz,Euclidean,euclidean,0.5471008121967316,1.1001456081867218,2,2
TeLISCmZ_w4_4_s1_f4_0513.npz,Euclidean,euclidean,0.5223232507705688,1.6020865440368652,1,1
TeLISCmZ_w4_4_s2_f0_0514.npz,Euclidean,euclidean,0.44972169399261475,2.126103639602661,1,1
TeLISCmZ_w4_4_s2_f1_0515.npz,Euclidean,euclidean,0.4584985673427582,0.43950490951538085,5,5
TeLISCmZ_w4_4_s2_f2_0516.npz,Euclidean,euclidean,0.5009060544627053,0.3060153126716614,7,7
TeLISCmZ_w4_4_s2_f3_0517.npz,Euclidean,euclidean,0.5213515609502792,0.35502245525519055,6,6
TeLISCmZ_w4_4_s2_f4_0518.npz,Euclidean,euclidean,0.49630457298322156,0.07759849354624748,22,22
UsTf7brftGg_0_s0_f3_0544.npz,Euclidean,euclidean,0.35983985662460327,1.276270568370819,2,2
UsTf7brftGg_0_s0_f4_0545.npz,Euclidean,euclidean,0.5108621120452881,2.00714373588562,1,1
UsTf7brftGg_0_s1_f0_0546.npz,Euclidean,euclidean,0.27511033250225914,0.21674335996309915,9,9
UsTf7brftGg_0_s1_f1_0547.npz,Euclidean,euclidean,0.3307626744111379,0.591107706228892,3,3
UsTf7brftGg_0_s1_f2_0548.npz,Euclidean,euclidean,0.22364640732606253,0.3352453609307607,6,6
UsTf7brftGg_0_s1_f3_0549.npz,Euclidean,euclidean,0.5215986371040344,2.019436836242676,1,1
UsTf7brftGg_0_s1_f4_0550.npz,Euclidean,euclidean,0.5268574953079224,0.8879068493843079,2,2
UsTf7brftGg_0_s2_f0_0551.npz,Euclidean,euclidean,0.17982399265134805,0.11943885135023218,19,19
UsTf7brftGg_0_s2_f1_0552.npz,Euclidean,euclidean,0.2159583680331707,0.16929218855996928,12,12
UsTf7brftGg_0_s2_f2_0553.npz,Euclidean,euclidean,0.20961293536755773,0.10773093232678042,18,18
UsTf7brftGg_0_s2_f3_0554.npz,Euclidean,euclidean,0.45135953170912607,0.31943019373076303,7,7
UsTf7brftGg_0_s2_f4_0555.npz,Euclidean,euclidean,0.3211855391661326,0.4598810076713562,6,6
UtBQrBLsTQY_3_s0_f0_0556.npz,Euclidean,euclidean,0.640744149684906,1.521560549736023,1,1
UtBQrBLsTQY_3_s0_f3_0557.npz,Euclidean,euclidean,0.6328752040863037,1.894383192062378,1,1
UtBQrBLsTQY_3_s0_f4_0558.npz,Euclidean,euclidean,0.4427868723869324,2.016618013381958,1,1
UtBQrBLsTQY_3_s1_f0_0559.npz,Euclidean,euclidean,0.6060521006584167,1.6229360103607178,1,1
UtBQrBLsTQY_3_s1_f1_0560.npz,Euclidean,euclidean,0.5169738630453745,0.5920815070470175,3,3
UtBQrBLsTQY_3_s1_f2_0561.npz,Euclidean,euclidean,0.5308002928892771,0.30051320791244507,6,6
UtBQrBLsTQY_3_s1_f3_0562.npz,Euclidean,euclidean,0.5421861410140991,0.5630819400151571,3,3
UtBQrBLsTQY_3_s1_f4_0563.npz,Euclidean,euclidean,0.5318607985973358,0.5453253587086996,3,3
UtBQrBLsTQY_3_s2_f0_0564.npz,Euclidean,euclidean,0.44669585142816814,0.12283035208071981,14,14
UtBQrBLsTQY_3_s2_f1_0565.npz,Euclidean,euclidean,0.4027612656354904,0.15150578444202742,12,12
UtBQrBLsTQY_3_s2_f2_0566.npz,Euclidean,euclidean,0.40041918937976545,0.13942275253626016,13,13
UtBQrBLsTQY_3_s2_f3_0567.npz,Euclidean,euclidean,0.41172662046220565,0.2037628392378489,9,9
UtBQrBLsTQY_3_s2_f4_0568.npz,Euclidean,euclidean,0.44219878666541157,0.10051987276357763,17,17
V9JdDs7RK3c_1_s0_f2_0569.npz,Euclidean,euclidean,0.3774532526731491,0.9992004930973053,2,2
V9JdDs7RK3c_1_s0_f3_0570.npz,Euclidean,euclidean,0.5500651597976685,1.5487557649612427,1,1
V9JdDs7RK3c_1_s0_f4_0571.npz,Euclidean,euclidean,0.6583002805709839,1.799860954284668,1,1
V9JdDs7RK3c_1_s1_f0_0572.npz,Euclidean,euclidean,0.5532411560416222,0.2241581752896309,8,8
V9JdDs7RK3c_1_s1_f1_0573.npz,Euclidean,euclidean,0.5775120854377747,1.0726488828659058,2,2
V9JdDs7RK3c_1_s1_f2_0574.npz,Euclidean,euclidean,0.41615730204752516,0.3276313415595463,7,7
V9JdDs7RK3c_1_s1_f3_0575.npz,Euclidean,euclidean,0.5002707242965698,0.2193788985411326,9,9
V9JdDs7RK3c_1_s1_f4_0576.npz,Euclidean,euclidean,0.7287857830524445,0.957524985074997,2,2
V9JdDs7RK3c_1_s2_f0_0577.npz,Euclidean,euclidean,0.508351119607687,0.045200872235000134,40,40
V9JdDs7RK3c_1_s2_f1_0578.npz,Euclidean,euclidean,0.5238052606582642,0.5523561537265778,4,4
V9JdDs7RK3c_1_s2_f2_0579.npz,Euclidean,euclidean,0.5338769037472574,0.0989325579844023,19,19
V9JdDs7RK3c_1_s2_f3_0580.npz,Euclidean,euclidean,0.4599317292372386,0.13263843854268392,15,15
V9JdDs7RK3c_1_s2_f4_0581.npz,Euclidean,euclidean,0.5657716149633581,0.19391773370179263,11,11
Vwdib3HWRBI_0_s0_f0_0582.npz,Euclidean,euclidean,0.4359106421470642,2.114116907119751,1,1
Vwdib3HWRBI_0_s0_f1_0583.npz,Euclidean,euclidean,0.10703370720148087,3.0723788738250732,1,1
Vwdib3HWRBI_0_s0_f2_0584.npz,Euclidean,euclidean,0.6747782429059347,0.5326700011889139,3,3
Vwdib3HWRBI_0_s0_f3_0585.npz,Euclidean,euclidean,0.5639877120653788,0.6219192544619242,3,3
Vwdib3HWRBI_0_s1_f0_0586.npz,Euclidean,euclidean,0.6438161134719849,1.5953314304351807,1,1
Vwdib3HWRBI_0_s1_f1_0587.npz,Euclidean,euclidean,0.4449289192756017,0.6703351140022278,3,3
Vwdib3HWRBI_0_s1_f2_0588.npz,Euclidean,euclidean,0.6936648686726888,0.5651282072067261,3,3
Vwdib3HWRBI_0_s1_f3_0589.npz,Euclidean,euclidean,0.6818367838859558,0.804558277130127,2,2
Vwdib3HWRBI_0_s1_f4_0590.npz,Euclidean,euclidean,0.3754287511110306,0.986134946346283,2,2
Vwdib3HWRBI_0_s2_f0_0591.npz,Euclidean,euclidean,0.3865481012246825,0.1848134290088307,11,11
Vwdib3HWRBI_0_s2_f1_0592.npz,Euclidean,euclidean,0.48469701693171546,0.0892137239376704,21,21
Vwdib3HWRBI_0_s2_f2_0593.npz,Euclidean,euclidean,0.462446004152298,0.4478275626897812,4,4
Vwdib3HWRBI_0_s2_f3_0594.npz,Euclidean,euclidean,0.5191925838589668,0.08583426661789417,20,20
Vwdib3HWRBI_0_s2_f4_0595.npz,Euclidean,euclidean,0.2525158733129501,0.5385463058948516,5,5
WjyvwX_nZ6Y_0_s0_f3_0596.npz,Euclidean,euclidean,0.6920798420906067,1.6107016801834106,1,1
WjyvwX_nZ6Y_0_s1_f0_0597.npz,Euclidean,euclidean,0.1813068389892578,2.9723126888275146,1,1
WjyvwX_nZ6Y_0_s1_f1_0598.npz,Euclidean,euclidean,0.6468529403209686,0.41659966111183167,4,4
WjyvwX_nZ6Y_0_s1_f2_0599.npz,Euclidean,euclidean,0.5928272008895874,0.3012671172618866,6,6
WjyvwX_nZ6Y_0_s1_f3_0600.npz,Euclidean,euclidean,0.637346605459849,0.5527434547742208,3,3
WjyvwX_nZ6Y_0_s1_f4_0601.npz,Euclidean,euclidean,0.6030607581138611,0.3397198021411896,5,5
WjyvwX_nZ6Y_0_s2_f0_0602.npz,Euclidean,euclidean,0.5081577740609646,0.1783873364329338,10,10
WjyvwX_nZ6Y_0_s2_f1_0603.npz,Euclidean,euclidean,0.5154512193467882,0.10214563790294859,18,18
WjyvwX_nZ6Y_0_s2_f2_0604.npz,Euclidean,euclidean,0.5463955480801431,0.0960583306456867,19,19
WjyvwX_nZ6Y_0_s2_f3_0605.npz,Euclidean,euclidean,0.49170166360480444,0.1322518720158509,14,14
WjyvwX_nZ6Y_0_s2_f4_0606.npz,Euclidean,euclidean,0.46642763415972394,0.15693911164999008,12,12
YYbShzoZWRo_16_s0_f1_0659.npz,Euclidean,euclidean,0.7095309495925903,1.6059901714324951,1,1
YYbShzoZWRo_16_s0_f3_0660.npz,Euclidean,euclidean,0.5704820156097412,1.8394761085510254,1,1
YYbShzoZWRo_16_s1_f0_0661.npz,Euclidean,euclidean,0.5901079525550207,0.30602017045021057,6,6
YYbShzoZWRo_16_s1_f1_0662.npz,Euclidean,euclidean,0.6843195557594299,0.28696317474047345,6,6
YYbShzoZWRo_16_s1_f2_0663.npz,Euclidean,euclidean,0.5333508650461832,0.6038577556610107,3,3
YYbShzoZWRo_16_s1_f3_0664.npz,Euclidean,euclidean,0.6745562156041464,0.6346571445465088,3,3
YYbShzoZWRo_16_s1_f4_0665.npz,Euclidean,euclidean,0.711144745349884,0.3989682197570801,4,4
YYbShzoZWRo_16_s2_f0_0666.npz,Euclidean,euclidean,0.5217131124092982,0.1426249656539697,13,13
YYbShzoZWRo_16_s2_f1_0667.npz,Euclidean,euclidean,0.5624108016490936,0.13885284028947353,12,12
YYbShzoZWRo_16_s2_f2_0668.npz,Euclidean,euclidean,0.431093497092233,0.11575604317819371,17,17
YYbShzoZWRo_16_s2_f3_0669.npz,Euclidean,euclidean,0.5919769589717572,0.14397662075666282,13,13
YYbShzoZWRo_16_s2_f4_0670.npz,Euclidean,euclidean,0.582769073843956,0.07226997002959251,25,25
YYbShzoZWRo_25_s0_f3_0671.npz,Euclidean,euclidean,0.6845988035202026,1.6688028573989868,1,1
YYbShzoZWRo_25_s0_f4_0672.npz,Euclidean,euclidean,0.5371235609054565,0.9879230558872223,2,2
YYbShzoZWRo_25_s1_f0_0673.npz,Euclidean,euclidean,0.6480690538883209,0.4494548514485359,4,4
YYbShzoZWRo_25_s1_f1_0674.npz,Euclidean,euclidean,0.7701193690299988,0.42789633572101593,4,4
YYbShzoZWRo_25_s1_f2_0675.npz,Euclidean,euclidean,0.7500659028689066,0.5660391052563986,3,3
YYbShzoZWRo_25_s1_f3_0676.npz,Euclidean,euclidean,0.4913074318319559,0.4696107879281044,4,4
YYbShzoZWRo_25_s1_f4_0677.npz,Euclidean,euclidean,0.12028298527002335,3.2358169555664062,1,1
YYbShzoZWRo_25_s2_f0_0678.npz,Euclidean,euclidean,0.5907020337051816,0.19866863720946842,9,9
YYbShzoZWRo_25_s2_f1_0679.npz,Euclidean,euclidean,0.6214529573917389,0.2582799621990749,7,7
YYbShzoZWRo_25_s2_f2_0680.npz,Euclidean,euclidean,0.6079166804750761,0.14910679310560226,12,12
YYbShzoZWRo_25_s2_f3_0681.npz,Euclidean,euclidean,0.605036661028862,0.14284013832608858,12,12
YYbShzoZWRo_25_s2_f4_0682.npz,Euclidean,euclidean,0.5952453017234802,0.2333351969718933,8,8
YYbShzoZWRo_26_s0_f0_0683.npz,Euclidean,euclidean,0.6605471968650818,0.6444015105565389,3,3
YYbShzoZWRo_26_s0_f3_0684.npz,Euclidean,euclidean,0.5743811428546906,0.9187701642513275,2,2
YYbShzoZWRo_26_s0_f4_0685.npz,Euclidean,euclidean,0.6165437996387482,0.9032464921474457,2,2
YYbShzoZWRo_26_s1_f0_0686.npz,Euclidean,euclidean,0.530067096153895,0.6417368054389954,3,3
YYbShzoZWRo_26_s1_f3_0687.npz,Euclidean,euclidean,0.7444879412651062,1.6985868215560913,1,1
YYbShzoZWRo_26_s1_f4_0688.npz,Euclidean,euclidean,0.6374332517385483,0.1783985897898674,10,10
YYbShzoZWRo_26_s2_f0_0689.npz,Euclidean,euclidean,0.4247801954096014,0.1882629326798699,11,11
YYbShzoZWRo_26_s2_f3_0690.npz,Euclidean,euclidean,0.4990744972601533,0.12077492475509644,16,16
YYbShzoZWRo_26_s2_f4_0691.npz,Euclidean,euclidean,0.40391914030680287,0.17876750574662134,13,13
YYbShzoZWRo_3_s0_f0_0692.npz,Euclidean,euclidean,0.6224192380905151,1.7953048944473267,1,1
YYbShzoZWRo_3_s0_f4_0693.npz,Euclidean,euclidean,0.7535672783851624,1.7870228290557861,1,1
YYbShzoZWRo_3_s1_f0_0694.npz,Euclidean,euclidean,0.6599965244531631,0.4459616243839264,4,4
YYbShzoZWRo_3_s1_f1_0695.npz,Euclidean,euclidean,0.7377324402332306,0.4755451902747154,4,4
YYbShzoZWRo_3_s1_f4_0696.npz,Euclidean,euclidean,0.6150029102961222,0.32814071079095203,6,6
YYbShzoZWRo_3_s2_f0_0697.npz,Euclidean,euclidean,0.4580637415250142,0.14815496255954105,15,15
YYbShzoZWRo_3_s2_f1_0698.npz,Euclidean,euclidean,0.5278670191764832,0.5000817403197289,4,4
YYbShzoZWRo_3_s2_f4_0699.npz,Euclidean,euclidean,0.508703767011563,0.16853981092572212,12,12
ZedzGfGN1tk_1_s0_f0_0700.npz,Euclidean,euclidean,0.4005771577358246,1.8181629180908203,1,1
ZedzGfGN1tk_1_s0_f2_0701.npz,Euclidean,euclidean,0.46131786704063416,1.728552222251892,1,1
ZedzGfGN1tk_1_s0_f3_0702.npz,Euclidean,euclidean,0.4480425715446472,1.7939475774765015,1,1
ZedzGfGN1tk_1_s1_f0_0703.npz,Euclidean,euclidean,0.4218475818634033,1.8767197132110596,1,1
ZedzGfGN1tk_1_s1_f1_0704.npz,Euclidean,euclidean,0.5796348452568054,0.5252757966518402,3,3
ZedzGfGN1tk_1_s1_f2_0705.npz,Euclidean,euclidean,0.7612630128860474,1.5360078811645508,1,1
ZedzGfGN1tk_1_s1_f4_0706.npz,Euclidean,euclidean,0.649605005979538,0.7798599004745483,2,2
ZedzGfGN1tk_1_s2_f0_0707.npz,Euclidean,euclidean,0.5847676813602447,0.0848302822560072,20,20
ZedzGfGN1tk_1_s2_f1_0708.npz,Euclidean,euclidean,0.5702103823423386,0.09492942732241419,18,18
ZedzGfGN1tk_1_s2_f2_0709.npz,Euclidean,euclidean,0.6022619505723318,0.11334613412618637,15,15
ZedzGfGN1tk_1_s2_f3_0710.npz,Euclidean,euclidean,0.5781439575884078,0.09169073858194882,18,18
ZedzGfGN1tk_1_s2_f4_0711.npz,Euclidean,euclidean,0.6141222476959228,0.08293787799775601,20,20
_fvpYLXtQHQ_1_s0_f3_0000.npz,Euclidean,euclidean,0.817129373550415,0.9120000004768372,2,2
_fvpYLXtQHQ_1_s0_f4_0001.npz,Euclidean,euclidean,0.6645956039428711,1.7410026788711548,1,1
_fvpYLXtQHQ_1_s1_f0_0002.npz,Euclidean,euclidean,0.8223231434822083,0.883223682641983,2,2
_fvpYLXtQHQ_1_s1_f1_0003.npz,Euclidean,euclidean,0.7953756153583527,0.8800888955593109,2,2
_fvpYLXtQHQ_1_s1_f2_0004.npz,Euclidean,euclidean,0.7508953362703323,0.39762281626462936,4,4
_fvpYLXtQHQ_1_s1_f3_0005.npz,Euclidean,euclidean,0.6071068644523621,0.4735688120126724,4,4
_fvpYLXtQHQ_1_s1_f4_0006.npz,Euclidean,euclidean,0.6123734951019287,0.34469754099845884,5,5
_fvpYLXtQHQ_1_s2_f0_0007.npz,Euclidean,euclidean,0.6945007310973274,0.19670728180143568,9,9
_fvpYLXtQHQ_1_s2_f1_0008.npz,Euclidean,euclidean,0.7231071421078273,0.2606013374669211,7,7
_fvpYLXtQHQ_1_s2_f2_0009.npz,Euclidean,euclidean,0.6010448982318243,0.29314231872558594,6,6
_fvpYLXtQHQ_1_s2_f3_0010.npz,Euclidean,euclidean,0.5352868835131327,0.16071723649899164,12,12
_fvpYLXtQHQ_1_s2_f4_0011.npz,Euclidean,euclidean,0.4943429890431856,0.09275803754204198,19,19
bhDqxWQUIXg_1_s0_f0_0110.npz,Euclidean,euclidean,0.686744749546051,1.8399995565414429,1,1
bhDqxWQUIXg_1_s0_f2_0111.npz,Euclidean,euclidean,0.6573228240013123,1.9057390689849854,1,1
bhDqxWQUIXg_1_s0_f4_0112.npz,Euclidean,euclidean,0.62467160820961,0.9516436457633972,2,2
bhDqxWQUIXg_1_s1_f0_0113.npz,Euclidean,euclidean,0.6890821655591329,0.5915906230608622,3,3
bhDqxWQUIXg_1_s1_f1_0114.npz,Euclidean,euclidean,0.6524557669957479,0.606002151966095,3,3
bhDqxWQUIXg_1_s1_f2_0115.npz,Euclidean,euclidean,0.5900377333164215,0.9620298445224762,2,2
bhDqxWQUIXg_1_s1_f3_0116.npz,Euclidean,euclidean,0.6803494095802307,0.446618989109993,4,4
bhDqxWQUIXg_1_s1_f4_0117.npz,Euclidean,euclidean,0.6410904824733734,0.9195474982261658,2,2
bhDqxWQUIXg_1_s2_f0_0118.npz,Euclidean,euclidean,0.682285487651825,0.3069997876882553,6,6
bhDqxWQUIXg_1_s2_f1_0119.npz,Euclidean,euclidean,0.6722840368747711,0.8802968263626099,2,2
bhDqxWQUIXg_1_s2_f2_0120.npz,Euclidean,euclidean,0.5936776995658875,0.3998304784297943,5,5
bhDqxWQUIXg_1_s2_f3_0121.npz,Euclidean,euclidean,0.6657012104988098,2.0476152896881104,1,1
bhDqxWQUIXg_1_s2_f4_0122.npz,Euclidean,euclidean,0.6457134683926901,0.5967272718747457,3,3
emLStHiqfyo_2_s1_f0_0186.npz,Euclidean,euclidean,0.6981705725193024,0.9728313386440277,2,2
emLStHiqfyo_2_s1_f1_0187.npz,Euclidean,euclidean,0.6490379571914673,0.6400221983591715,3,3
emLStHiqfyo_2_s1_f2_0188.npz,Euclidean,euclidean,0.630299836397171,0.9758610129356384,2,2
emLStHiqfyo_2_s1_f3_0189.npz,Euclidean,euclidean,0.5253841280937195,1.878198266029358,1,1
emLStHiqfyo_2_s1_f4_0190.npz,Euclidean,euclidean,0.6017812291781107,0.6528773506482443,3,3
emLStHiqfyo_2_s2_f0_0191.npz,Euclidean,euclidean,0.49558181487596953,0.15514390972944406,13,13
emLStHiqfyo_2_s2_f1_0192.npz,Euclidean,euclidean,0.5067520577173966,0.15873157863433546,13,13
emLStHiqfyo_2_s2_f2_0193.npz,Euclidean,euclidean,0.527657762169838,0.253588592633605,8,8
emLStHiqfyo_2_s2_f3_0194.npz,Euclidean,euclidean,0.4897729605436325,0.14944121454443252,14,14
emLStHiqfyo_2_s2_f4_0195.npz,Euclidean,euclidean,0.5170330830982753,0.29317052023751394,7,7
gmVP1bAB_Jk_3_s0_f0_0248.npz,Euclidean,euclidean,0.5197082757949829,2.241941213607788,1,1
gmVP1bAB_Jk_3_s0_f1_0249.npz,Euclidean,euclidean,0.7336532473564148,1.8577884435653687,1,1
gmVP1bAB_Jk_3_s0_f2_0250.npz,Euclidean,euclidean,0.6609734117984771,0.3946919620037079,5,5
gmVP1bAB_Jk_3_s1_f0_0251.npz,Euclidean,euclidean,0.6560998956362406,0.6930525501569113,3,3
gmVP1bAB_Jk_3_s1_f1_0252.npz,Euclidean,euclidean,0.5617281397183737,0.684272030989329,3,3
gmVP1bAB_Jk_3_s1_f2_0253.npz,Euclidean,euclidean,0.5420334041118622,0.9935189187526703,2,2
gmVP1bAB_Jk_3_s2_f0_0254.npz,Euclidean,euclidean,0.612258384625117,0.1307255079348882,15,15
gmVP1bAB_Jk_3_s2_f1_0255.npz,Euclidean,euclidean,0.5256003166238467,0.16447495917479196,12,12
gmVP1bAB_Jk_3_s2_f2_0256.npz,Euclidean,euclidean,0.5022173424561819,0.16904004787405333,12,12
gsAoNfN9Pvk_2_s0_f0_0257.npz,Euclidean,euclidean,0.7633963227272034,1.7094457149505615,1,1
gsAoNfN9Pvk_2_s0_f1_0258.npz,Euclidean,euclidean,0.7825263142585754,1.7266786098480225,1,1
gsAoNfN9Pvk_2_s1_f0_0259.npz,Euclidean,euclidean,0.5319355130195618,0.6460699637730917,3,3
gsAoNfN9Pvk_2_s1_f1_0260.npz,Euclidean,euclidean,0.3659506142139435,2.090965747833252,1,1
gsAoNfN9Pvk_2_s1_f2_0261.npz,Euclidean,euclidean,0.42236417531967163,1.9438467025756836,1,1
gsAoNfN9Pvk_2_s1_f3_0262.npz,Euclidean,euclidean,0.7594184875488281,1.7368927001953125,1,1
gsAoNfN9Pvk_2_s1_f4_0263.npz,Euclidean,euclidean,0.3763580918312073,0.6960486620664597,4,4
gsAoNfN9Pvk_2_s2_f0_0264.npz,Euclidean,euclidean,0.4936165750026703,0.2048200324177742,10,10
gsAoNfN9Pvk_2_s2_f1_0265.npz,Euclidean,euclidean,0.586320698261261,1.9902117252349854,1,1
gsAoNfN9Pvk_2_s2_f2_0266.npz,Euclidean,euclidean,0.4257473610341549,0.2680209595710039,8,8
gsAoNfN9Pvk_2_s2_f3_0267.npz,Euclidean,euclidean,0.43520104698836803,0.2441185431347953,9,9
gsAoNfN9Pvk_2_s2_f4_0268.npz,Euclidean,euclidean,0.3804447893053293,0.15761136170476675,16,16
kgw1OadfJWA_s0_f2_0303.npz,Euclidean,euclidean,0.5694918036460876,0.8039100766181946,2,2
kgw1OadfJWA_s1_f0_0304.npz,Euclidean,euclidean,0.4783946990966797,0.3034711480140686,5,5
kgw1OadfJWA_s1_f2_0305.npz,Euclidean,euclidean,0.5266480073332787,0.46728088706731796,4,4
kgw1OadfJWA_s2_f0_0306.npz,Euclidean,euclidean,0.4082168686389923,0.06283458933234215,25,25
kgw1OadfJWA_s2_f2_0307.npz,Euclidean,euclidean,0.44515525391607574,0.050857603324182106,33,33
ljq0lCGKapY_0_s0_f0_0308.npz,Euclidean,euclidean,0.672416090965271,1.9470967054367065,1,1
ljq0lCGKapY_0_s1_f3_0309.npz,Euclidean,euclidean,0.6518467962741852,1.053175151348114,2,2
ljq0lCGKapY_0_s2_f0_0310.npz,Euclidean,euclidean,0.5245544910430908,2.106411933898926,1,1
ljq0lCGKapY_0_s2_f2_0311.npz,Euclidean,euclidean,0.5737720131874084,2.0992636680603027,1,1
ljq0lCGKapY_0_s2_f3_0312.npz,Euclidean,euclidean,0.6301493644714355,1.0549437403678894,2,2
ljq0lCGKapY_0_s2_f4_0313.npz,Euclidean,euclidean,0.5636978215641446,0.24727037217881945,9,9
nnuN-Zt60TM_0_s0_f1_0314.npz,Euclidean,euclidean,0.47029354572296145,0.5154602944850921,5,5
nnuN-Zt60TM_0_s0_f2_0315.npz,Euclidean,euclidean,0.36761653423309326,2.1272635459899902,1,1
nnuN-Zt60TM_0_s0_f4_0316.npz,Euclidean,euclidean,0.36148280650377274,0.585446834564209,4,4
nnuN-Zt60TM_0_s1_f0_0317.npz,Euclidean,euclidean,0.385640025138855,2.4757347106933594,1,1
nnuN-Zt60TM_0_s1_f1_0318.npz,Euclidean,euclidean,0.3631111830472946,1.3567715883255005,2,2
nnuN-Zt60TM_0_s1_f2_0319.npz,Euclidean,euclidean,0.5308513740698496,0.346678227186203,6,6
nnuN-Zt60TM_0_s1_f4_0320.npz,Euclidean,euclidean,0.4690610667069753,0.7630555629730225,3,3
nnuN-Zt60TM_0_s2_f0_0321.npz,Euclidean,euclidean,0.3260809853672981,0.20446921015779176,12,12
nnuN-Zt60TM_0_s2_f1_0322.npz,Euclidean,euclidean,0.2594786172634677,0.13940984873395218,19,19
nnuN-Zt60TM_0_s2_f2_0323.npz,Euclidean,euclidean,0.39227056006590527,0.1196879032585356,18,18
nnuN-Zt60TM_0_s2_f3_0324.npz,Euclidean,euclidean,0.2767702341079712,0.2968704683913125,9,9
nnuN-Zt60TM_0_s2_f4_0325.npz,Euclidean,euclidean,0.3716333309809367,0.2230992896689309,9,9
nnuN-Zt60TM_3_s0_f4_0326.npz,Euclidean,euclidean,0.8110498189926147,1.6497280597686768,1,1
nnuN-Zt60TM_3_s1_f2_0327.npz,Euclidean,euclidean,0.8304892182350159,1.6503326892852783,1,1
nnuN-Zt60TM_3_s1_f4_0328.npz,Euclidean,euclidean,0.8678784370422363,1.6275688409805298,1,1
nnuN-Zt60TM_3_s2_f0_0329.npz,Euclidean,euclidean,0.7531918883323669,0.9019474983215332,2,2
nnuN-Zt60TM_3_s2_f1_0330.npz,Euclidean,euclidean,0.6482009887695312,0.8980763852596283,2,2
nnuN-Zt60TM_3_s2_f2_0331.npz,Euclidean,euclidean,0.6967446804046631,0.8854716718196869,2,2
nnuN-Zt60TM_3_s2_f3_0332.npz,Euclidean,euclidean,0.728498250246048,0.8652296960353851,2,2
nnuN-Zt60TM_3_s2_f4_0333.npz,Euclidean,euclidean,0.7589431762695312,0.3460482835769653,5,5
o1bZB4fKv2U_1_s0_f0_0334.npz,Euclidean,euclidean,0.6802902817726135,0.4379008263349533,4,4
o1bZB4fKv2U_1_s0_f1_0335.npz,Euclidean,euclidean,0.74143385887146,1.6536035537719727,1,1
o1bZB4fKv2U_1_s0_f2_0336.npz,Euclidean,euclidean,0.6818987727165222,1.5207977294921875,1,1
o1bZB4fKv2U_1_s0_f3_0337.npz,Euclidean,euclidean,0.6461880207061768,1.6491926908493042,1,1
o1bZB4fKv2U_1_s0_f4_0338.npz,Euclidean,euclidean,0.4699242413043976,1.830352544784546,1,1
o1bZB4fKv2U_1_s1_f0_0339.npz,Euclidean,euclidean,0.717738538980484,0.84294393658638,2,2
o1bZB4fKv2U_1_s1_f1_0340.npz,Euclidean,euclidean,0.6349479556083679,1.6199910640716553,1,1
o1bZB4fKv2U_1_s1_f2_0341.npz,Euclidean,euclidean,0.472657710313797,0.8536318838596344,2,2
o1bZB4fKv2U_1_s1_f3_0342.npz,Euclidean,euclidean,0.7008698284626007,0.8293269276618958,2,2
o1bZB4fKv2U_1_s1_f4_0343.npz,Euclidean,euclidean,0.5730803663080389,0.1499615961855108,11,11
o1bZB4fKv2U_1_s2_f0_0344.npz,Euclidean,euclidean,0.6199923455715179,0.8760114908218384,2,2
o1bZB4fKv2U_1_s2_f1_0345.npz,Euclidean,euclidean,0.5778987278109011,0.07540593652621559,23,23
o1bZB4fKv2U_1_s2_f2_0346.npz,Euclidean,euclidean,0.5469699956868824,0.08976125364240847,19,19
o1bZB4fKv2U_1_s2_f3_0347.npz,Euclidean,euclidean,0.4895217211350151,0.0765172690153122,23,23
o1bZB4fKv2U_1_s2_f4_0348.npz,Euclidean,euclidean,0.5129000705022079,0.0658552348613739,26,26
pFLeIwERa8o_s0_f1_0412.npz,Euclidean,euclidean,0.28677432239055634,1.4749111533164978,2,2
pFLeIwERa8o_s1_f1_0413.npz,Euclidean,euclidean,0.4090025871992111,1.1956976652145386,2,2
pFLeIwERa8o_s1_f4_0414.npz,Euclidean,euclidean,0.5741701126098633,1.5494444370269775,1,1
pFLeIwERa8o_s2_f1_0415.npz,Euclidean,euclidean,0.4005365100585752,0.11449246522453096,18,18
pFLeIwERa8o_s2_f4_0416.npz,Euclidean,euclidean,0.4144408628344536,0.40144819021224976,6,6
pxa8kn8h5ew_0_s0_f3_0417.npz,Euclidean,euclidean,0.5338902473449707,1.8392517566680908,1,1
pxa8kn8h5ew_0_s1_f0_0418.npz,Euclidean,euclidean,0.5349057912826538,1.916990876197815,1,1
pxa8kn8h5ew_0_s1_f2_0419.npz,Euclidean,euclidean,0.5648705065250397,0.482284352183342,4,4
pxa8kn8h5ew_0_s1_f3_0420.npz,Euclidean,euclidean,0.5013131499290466,1.0454005002975464,2,2
pxa8kn8h5ew_0_s1_f4_0421.npz,Euclidean,euclidean,0.5595829586187998,0.2667666971683502,6,6
pxa8kn8h5ew_0_s2_f0_0422.npz,Euclidean,euclidean,0.45255614817142487,0.25439426861703396,8,8
pxa8kn8h5ew_0_s2_f1_0423.npz,Euclidean,euclidean,0.3799257017672062,0.2648996412754059,8,8
pxa8kn8h5ew_0_s2_f2_0424.npz,Euclidean,euclidean,0.37347147315740586,0.21157528907060624,10,10
pxa8kn8h5ew_0_s2_f3_0425.npz,Euclidean,euclidean,0.43099583437045413,0.17522812013824782,12,12
pxa8kn8h5ew_0_s2_f4_0426.npz,Euclidean,euclidean,0.5115131893578697,0.09592409168972689,17,17
q6Vwbg3SOSc_0_s0_f0_0427.npz,Euclidean,euclidean,0.762210488319397,1.773223638534546,1,1
q6Vwbg3SOSc_0_s0_f1_0428.npz,Euclidean,euclidean,0.688909113407135,1.543324589729309,1,1
q6Vwbg3SOSc_0_s0_f2_0429.npz,Euclidean,euclidean,0.607384204864502,1.9852579832077026,1,1
q6Vwbg3SOSc_0_s0_f4_0430.npz,Euclidean,euclidean,0.7736441493034363,1.7793593406677246,1,1
q6Vwbg3SOSc_0_s1_f0_0431.npz,Euclidean,euclidean,0.7970947027206421,1.8456979990005493,1,1
q6Vwbg3SOSc_0_s1_f1_0432.npz,Euclidean,euclidean,0.6763134201367696,0.5213537812232971,3,3
q6Vwbg3SOSc_0_s1_f3_0433.npz,Euclidean,euclidean,0.6972689628601074,0.6128336787223816,3,3
q6Vwbg3SOSc_0_s2_f0_0434.npz,Euclidean,euclidean,0.6271509130795797,0.6133065621058146,3,3
q6Vwbg3SOSc_0_s2_f1_0435.npz,Euclidean,euclidean,0.5569729880988598,0.0685117444396019,25,25
q6Vwbg3SOSc_0_s2_f2_0436.npz,Euclidean,euclidean,0.5724510475993156,0.5185296162962914,4,4
q6Vwbg3SOSc_0_s2_f3_0437.npz,Euclidean,euclidean,0.6016797423362732,0.9340420961380005,2,2
q6Vwbg3SOSc_0_s2_f4_0438.npz,Euclidean,euclidean,0.621915598710378,0.6244332591692606,3,3
qD-UEwVEDP0_0_s0_f1_0439.npz,Euclidean,euclidean,0.3568701595067978,1.2885844707489014,2,2
qD-UEwVEDP0_0_s1_f1_0440.npz,Euclidean,euclidean,0.4947260320186615,1.5293877124786377,1,1
qD-UEwVEDP0_0_s1_f2_0441.npz,Euclidean,euclidean,0.25557491974905133,0.6637178361415863,4,4
qD-UEwVEDP0_0_s2_f1_0442.npz,Euclidean,euclidean,0.3302578280369441,0.1235047792394956,15,15
qD-UEwVEDP0_0_s2_f2_0443.npz,Euclidean,euclidean,0.39322037317536096,0.16850927743044766,11,11
qD-UEwVEDP0_0_s2_f3_0444.npz,Euclidean,euclidean,0.452543668448925,0.6766793131828308,4,4
rq5RDUm2Hnk_1_s0_f0_0457.npz,Euclidean,euclidean,0.38092521329720813,0.7694387634595236,3,3
rq5RDUm2Hnk_1_s0_f2_0458.npz,Euclidean,euclidean,0.5847793966531754,0.4270535260438919,4,4
rq5RDUm2Hnk_1_s0_f3_0459.npz,Euclidean,euclidean,0.5920760035514832,1.8464069366455078,1,1
rq5RDUm2Hnk_1_s0_f4_0460.npz,Euclidean,euclidean,0.5651187300682068,1.4734454154968262,1,1
rq5RDUm2Hnk_1_s1_f0_0461.npz,Euclidean,euclidean,0.5141557455062866,1.8803234100341797,1,1
rq5RDUm2Hnk_1_s1_f1_0462.npz,Euclidean,euclidean,0.5158027350902558,0.36616040468215943,5,5
rq5RDUm2Hnk_1_s1_f2_0463.npz,Euclidean,euclidean,0.5042999267578125,0.38157219886779786,5,5
rq5RDUm2Hnk_1_s1_f3_0464.npz,Euclidean,euclidean,0.528308242559433,0.33422838151454926,6,6
rq5RDUm2Hnk_1_s1_f4_0465.npz,Euclidean,euclidean,0.532099150121212,0.1417227995892366,12,12
rq5RDUm2Hnk_1_s2_f0_0466.npz,Euclidean,euclidean,0.4961780868470669,0.1141419243067503,16,16
rq5RDUm2Hnk_1_s2_f1_0467.npz,Euclidean,euclidean,0.46119894479450424,0.10147852960385774,19,19
rq5RDUm2Hnk_1_s2_f2_0468.npz,Euclidean,euclidean,0.44613139263608237,0.08693450079722838,22,22
rq5RDUm2Hnk_1_s2_f3_0469.npz,Euclidean,euclidean,0.445147804915905,0.1241230214945972,16,16
rq5RDUm2Hnk_1_s2_f4_0470.npz,Euclidean,euclidean,0.45909296189035687,0.12240564397403172,14,14
s6dj_CqT0Mk_0_s0_f0_0471.npz,Euclidean,euclidean,0.5203592777252197,2.313593864440918,1,1
s6dj_CqT0Mk_0_s0_f1_0472.npz,Euclidean,euclidean,0.5138664245605469,1.9548804759979248,1,1
s6dj_CqT0Mk_0_s0_f2_0473.npz,Euclidean,euclidean,0.4706908166408539,2.2018449306488037,1,1
s6dj_CqT0Mk_0_s1_f0_0474.npz,Euclidean,euclidean,0.4587669223546982,0.37368494272232056,6,6
s6dj_CqT0Mk_0_s1_f1_0475.npz,Euclidean,euclidean,0.5071001350879669,0.3643876512845357,6,6
s6dj_CqT0Mk_0_s1_f2_0476.npz,Euclidean,euclidean,0.5794022977352142,0.5557398498058319,4,4
s6dj_CqT0Mk_0_s1_f3_0477.npz,Euclidean,euclidean,0.5589517056941986,0.27806730940937996,8,8
s6dj_CqT0Mk_0_s1_f4_0478.npz,Euclidean,euclidean,0.4959135353565216,0.3702986886103948,6,6
s6dj_CqT0Mk_0_s2_f0_0479.npz,Euclidean,euclidean,0.4085730579164293,0.12378325892819299,18,18
s6dj_CqT0Mk_0_s2_f1_0480.npz,Euclidean,euclidean,0.37262783059850335,0.14531330671161413,16,16
s6dj_CqT0Mk_0_s2_f2_0481.npz,Euclidean,euclidean,0.4053299752148715,0.10259302671660077,22,22
s6dj_CqT0Mk_0_s2_f3_0482.npz,Euclidean,euclidean,0.3571398202329874,0.14634718466550112,16,16
s6dj_CqT0Mk_0_s2_f4_0483.npz,Euclidean,euclidean,0.43590590233604115,0.09132631837079923,24,24
s6dj_CqT0Mk_1_s0_f0_0484.npz,Euclidean,euclidean,0.4888753294944763,2.0800998210906982,1,1
s6dj_CqT0Mk_1_s0_f2_0485.npz,Euclidean,euclidean,0.4447185695171356,2.2450060844421387,1,1
s6dj_CqT0Mk_1_s0_f4_0486.npz,Euclidean,euclidean,0.3898809850215912,2.1729254722595215,1,1
s6dj_CqT0Mk_1_s1_f0_0487.npz,Euclidean,euclidean,0.5538904418547949,0.3557734290758769,6,6
s6dj_CqT0Mk_1_s1_f1_0488.npz,Euclidean,euclidean,0.5793799161911011,0.5259268134832382,4,4
s6dj_CqT0Mk_1_s1_f2_0489.npz,Euclidean,euclidean,0.6133460700511932,0.5436114370822906,4,4
s6dj_CqT0Mk_1_s1_f3_0490.npz,Euclidean,euclidean,0.6102783878644308,0.36023586491743725,6,6
s6dj_CqT0Mk_1_s1_f4_0491.npz,Euclidean,euclidean,0.49601253867149353,0.5553270578384399,4,4
s6dj_CqT0Mk_1_s2_f0_0492.npz,Euclidean,euclidean,0.4149647239181731,0.12136959450112449,18,18
s6dj_CqT0Mk_1_s2_f1_0493.npz,Euclidean,euclidean,0.4069031889622028,0.17204280082996076,13,13
s6dj_CqT0Mk_1_s2_f2_0494.npz,Euclidean,euclidean,0.39701790157705547,0.11567251347005367,20,20
s6dj_CqT0Mk_1_s2_f3_0495.npz,Euclidean,euclidean,0.3861081843574842,0.07595767950018247,30,30
s6dj_CqT0Mk_1_s2_f4_0496.npz,Euclidean,euclidean,0.42544742717462425,0.129634328186512,17,17
u4v75o5WxYw_7_s0_f2_0519.npz,Euclidean,euclidean,0.374317467212677,1.5810126066207886,1,1
u4v75o5WxYw_7_s0_f3_0520.npz,Euclidean,euclidean,0.01474048662930727,3.49875545501709,1,1
u4v75o5WxYw_7_s0_f4_0521.npz,Euclidean,euclidean,0.45286084711551666,0.8054702877998352,2,2
u4v75o5WxYw_7_s1_f0_0522.npz,Euclidean,euclidean,0.49541372060775757,0.26228950917720795,6,6
u4v75o5WxYw_7_s1_f1_0523.npz,Euclidean,euclidean,0.49958348274230957,0.25988921771446866,6,6
u4v75o5WxYw_7_s1_f2_0524.npz,Euclidean,euclidean,0.5073492626349131,0.2710958967606227,6,6
u4v75o5WxYw_7_s1_f3_0525.npz,Euclidean,euclidean,0.4325907602906227,0.22583670169115067,8,8
u4v75o5WxYw_7_s1_f4_0526.npz,Euclidean,euclidean,0.49843183904886246,0.20923623256385326,8,8
u4v75o5WxYw_7_s2_f0_0527.npz,Euclidean,euclidean,0.39481447554296917,0.099245419104894,18,18
u4v75o5WxYw_7_s2_f1_0528.npz,Euclidean,euclidean,0.43804264281477245,0.12267148973686355,14,14
u4v75o5WxYw_7_s2_f2_0529.npz,Euclidean,euclidean,0.48949241638183594,0.09003390685508125,19,19
u4v75o5WxYw_7_s2_f3_0530.npz,Euclidean,euclidean,0.43400780856609344,0.09377073869109154,18,18
u4v75o5WxYw_7_s2_f4_0531.npz,Euclidean,euclidean,0.4457350205630064,0.105214714538306,16,16
uCK7Gok3u0U_5_s0_f0_0532.npz,Euclidean,euclidean,0.5734317898750305,0.9241845011711121,2,2
uCK7Gok3u0U_5_s0_f1_0533.npz,Euclidean,euclidean,0.5878410041332245,0.911166787147522,2,2
uCK7Gok3u0U_5_s0_f2_0534.npz,Euclidean,euclidean,0.5821415781974792,0.9120294451713562,2,2
uCK7Gok3u0U_5_s0_f3_0535.npz,Euclidean,euclidean,0.5281099677085876,0.46357841044664383,4,4
uCK7Gok3u0U_5_s0_f4_0536.npz,Euclidean,euclidean,0.4892605245113373,0.4834323078393936,4,4
uCK7Gok3u0U_5_s1_f1_0537.npz,Euclidean,euclidean,0.6511045098304749,1.8505189418792725,1,1
uCK7Gok3u0U_5_s1_f4_0538.npz,Euclidean,euclidean,0.4357767105102539,1.910811424255371,1,1
uCK7Gok3u0U_5_s2_f0_0539.npz,Euclidean,euclidean,0.48729654754463,0.10341023379250576,19,19
uCK7Gok3u0U_5_s2_f1_0540.npz,Euclidean,euclidean,0.5040148064494133,0.09651023969054222,20,20
uCK7Gok3u0U_5_s2_f2_0541.npz,Euclidean,euclidean,0.4936264847454272,0.10156519397308952,19,19
uCK7Gok3u0U_5_s2_f3_0542.npz,Euclidean,euclidean,0.4981983264287313,0.1312555968761444,15,15
uCK7Gok3u0U_5_s2_f4_0543.npz,Euclidean,euclidean,0.460464533418417,0.12429908383637667,16,16
xGeqjlPz4kw_4_s0_f0_0618.npz,Euclidean,euclidean,0.5681063731511434,0.6504269242286682,3,3
xGeqjlPz4kw_4_s0_f1_0619.npz,Euclidean,euclidean,0.6023698449134827,0.9638015627861023,2,2
xGeqjlPz4kw_4_s0_f2_0620.npz,Euclidean,euclidean,0.5516420602798462,2.007002115249634,1,1
xGeqjlPz4kw_4_s0_f3_0621.npz,Euclidean,euclidean,0.6102749228477478,0.3908181548118591,5,5
xGeqjlPz4kw_4_s0_f4_0622.npz,Euclidean,euclidean,0.6049909591674805,0.6552763183911642,3,3
xGeqjlPz4kw_4_s1_f0_0623.npz,Euclidean,euclidean,0.45168203860521317,0.45314402133226395,4,4
xGeqjlPz4kw_4_s1_f1_0624.npz,Euclidean,euclidean,0.5181353432791573,0.2664114981889725,7,7
xGeqjlPz4kw_4_s1_f2_0625.npz,Euclidean,euclidean,0.4943687617778778,0.6148009101549784,3,3
xGeqjlPz4kw_4_s1_f3_0626.npz,Euclidean,euclidean,0.49205215771993,0.31750980019569397,6,6
xGeqjlPz4kw_4_s1_f4_0627.npz,Euclidean,euclidean,0.47277428954839706,0.46773703396320343,4,4
xGeqjlPz4kw_4_s2_f0_0628.npz,Euclidean,euclidean,0.3939470847447713,0.130753663678964,15,15
xGeqjlPz4kw_4_s2_f1_0629.npz,Euclidean,euclidean,0.4107644945383072,0.20175067484378814,10,10
xGeqjlPz4kw_4_s2_f2_0630.npz,Euclidean,euclidean,0.4033890783786774,0.19493821412324905,10,10
xGeqjlPz4kw_4_s2_f3_0631.npz,Euclidean,euclidean,0.4262307418717278,0.21694745951228672,9,9
xGeqjlPz4kw_4_s2_f4_0632.npz,Euclidean,euclidean,0.3813080925207872,0.14545484231068537,13,13
xLXcCv45AYg_22_s0_f0_0633.npz,Euclidean,euclidean,0.791958212852478,1.8606024980545044,1,1
xLXcCv45AYg_22_s1_f0_0634.npz,Euclidean,euclidean,0.6815186738967896,0.9367742836475372,2,2
xLXcCv45AYg_22_s1_f1_0635.npz,Euclidean,euclidean,0.6807153075933456,0.5075861513614655,4,4
xLXcCv45AYg_22_s1_f2_0636.npz,Euclidean,euclidean,0.638354130089283,0.5137270390987396,4,4
xLXcCv45AYg_22_s1_f3_0637.npz,Euclidean,euclidean,0.751982718706131,1.0353740453720093,2,2
xLXcCv45AYg_22_s1_f4_0638.npz,Euclidean,euclidean,0.7533601224422455,0.7757850289344788,2,2
xLXcCv45AYg_22_s2_f0_0639.npz,Euclidean,euclidean,0.5763730009396871,0.34851090610027313,6,6
xLXcCv45AYg_22_s2_f1_0640.npz,Euclidean,euclidean,0.5063400098255703,0.3113499624388559,7,7
xLXcCv45AYg_22_s2_f2_0641.npz,Euclidean,euclidean,0.4386280309408903,0.13771988032385707,16,16
xLXcCv45AYg_22_s2_f3_0642.npz,Euclidean,euclidean,0.46013781279325483,0.246646948158741,10,10
xLXcCv45AYg_22_s2_f4_0643.npz,Euclidean,euclidean,0.6212543000777563,0.2860593944787979,6,6
x_w-93ctLN0_2_s0_f0_0607.npz,Euclidean,euclidean,0.17135144770145416,3.1781599521636963,1,1
x_w-93ctLN0_2_s0_f1_0608.npz,Euclidean,euclidean,0.5365163683891296,1.8345253467559814,1,1
x_w-93ctLN0_2_s0_f3_0609.npz,Euclidean,euclidean,0.5630718469619751,1.6322284936904907,1,1
x_w-93ctLN0_2_s1_f0_0610.npz,Euclidean,euclidean,0.4178007934242487,0.2672700136899948,8,8
x_w-93ctLN0_2_s1_f1_0611.npz,Euclidean,euclidean,0.4868605434894562,0.6479915380477905,3,3
x_w-93ctLN0_2_s1_f3_0612.npz,Euclidean,euclidean,0.47937215864658356,0.8108766674995422,2,2
x_w-93ctLN0_2_s1_f4_0613.npz,Euclidean,euclidean,0.42002608585688805,0.23349209957652622,9,9
x_w-93ctLN0_2_s2_f0_0614.npz,Euclidean,euclidean,0.32791267142251684,0.08147110555458952,27,27
x_w-93ctLN0_2_s2_f1_0615.npz,Euclidean,euclidean,0.41035550892353057,0.08446601897478104,25,25
x_w-93ctLN0_2_s2_f3_0616.npz,Euclidean,euclidean,0.3877173513174057,0.08699759711389957,23,23
x_w-93ctLN0_2_s2_f4_0617.npz,Euclidean,euclidean,0.404566153883934,0.10823963127202457,18,18
xv7eM6-UmkY_14_s0_f0_0644.npz,Euclidean,euclidean,0.47869402170181274,1.6605634689331055,1,1
xv7eM6-UmkY_14_s0_f1_0645.npz,Euclidean,euclidean,0.4431327134370804,1.0903843641281128,2,2
xv7eM6-UmkY_14_s0_f2_0646.npz,Euclidean,euclidean,0.4078241288661957,1.2092372179031372,2,2
xv7eM6-UmkY_14_s0_f3_0647.npz,Euclidean,euclidean,0.5019660989443461,0.5844489932060242,3,3
xv7eM6-UmkY_14_s0_f4_0648.npz,Euclidean,euclidean,0.4727577269077301,2.1315879821777344,1,1
xv7eM6-UmkY_14_s1_f0_0649.npz,Euclidean,euclidean,0.4968166708946228,0.3365475058555603,5,5
xv7eM6-UmkY_14_s1_f1_0650.npz,Euclidean,euclidean,0.43773964047431946,0.5112558826804161,4,4
xv7eM6-UmkY_14_s1_f2_0651.npz,Euclidean,euclidean,0.3818981995185216,0.37284132838249207,6,6
xv7eM6-UmkY_14_s1_f3_0652.npz,Euclidean,euclidean,0.4460337167339666,0.14391383528709412,14,14
xv7eM6-UmkY_14_s1_f4_0653.npz,Euclidean,euclidean,0.45126285403966904,0.5352669805288315,4,4
xv7eM6-UmkY_14_s2_f0_0654.npz,Euclidean,euclidean,0.2816855375371549,0.10147065831267316,23,23
xv7eM6-UmkY_14_s2_f1_0655.npz,Euclidean,euclidean,0.29015187953793725,0.04947595237645992,43,43
xv7eM6-UmkY_14_s2_f2_0656.npz,Euclidean,euclidean,0.2784714808930521,0.09850321094626965,23,23
xv7eM6-UmkY_14_s2_f3_0657.npz,Euclidean,euclidean,0.2753933178397214,0.05379069442065751,41,41
xv7eM6-UmkY_14_s2_f4_0658.npz,Euclidean,euclidean,0.3240595245733857,0.08609430119395256,24,24
0WxgIKuetYI_0_s0_f0_0044.npz,Hybrid\nEuc.+HARD,hybrid,0.03469126671552658,3.173510789871216,1,1
0WxgIKuetYI_0_s0_f2_0045.npz,Hybrid\nEuc.+HARD,hybrid,0.2743135094642639,4.38046932220459,1,1
0WxgIKuetYI_0_s0_f4_0046.npz,Hybrid\nEuc.+HARD,hybrid,0.3121912479400635,4.524186134338379,1,1
0WxgIKuetYI_0_s1_f0_0047.npz,Hybrid\nEuc.+HARD,hybrid,0.15349801257252693,1.1871775388717651,2,2
0WxgIKuetYI_0_s1_f1_0048.npz,Hybrid\nEuc.+HARD,hybrid,0.08196079730987549,2.316452741622925,1,1
0WxgIKuetYI_0_s1_f2_0049.npz,Hybrid\nEuc.+HARD,hybrid,0.16149762645363808,1.2973453402519226,2,2
0WxgIKuetYI_0_s1_f3_0050.npz,Hybrid\nEuc.+HARD,hybrid,0.07356815288464229,0.8788766264915466,3,3
0WxgIKuetYI_0_s1_f4_0051.npz,Hybrid\nEuc.+HARD,hybrid,0.1122960311671098,0.8447308540344238,3,3
0WxgIKuetYI_0_s2_f0_0052.npz,Hybrid\nEuc.+HARD,hybrid,0.06816721282278498,0.21119936803976694,15,15
0WxgIKuetYI_0_s2_f1_0053.npz,Hybrid\nEuc.+HARD,hybrid,0.046406809519976375,0.29055802524089813,10,10
0WxgIKuetYI_0_s2_f2_0054.npz,Hybrid\nEuc.+HARD,hybrid,0.056739308033138515,0.341528108716011,10,10
0WxgIKuetYI_0_s2_f3_0055.npz,Hybrid\nEuc.+HARD,hybrid,0.054478971202942456,0.27756904336539184,11,11
0WxgIKuetYI_0_s2_f4_0056.npz,Hybrid\nEuc.+HARD,hybrid,0.03758282610215247,0.40181829200850594,9,9
0bzkGQLy7b4_2_s0_f0_0012.npz,Hybrid\nEuc.+HARD,hybrid,0.3618267625570297,1.0173075795173645,2,2
0bzkGQLy7b4_2_s0_f1_0013.npz,Hybrid\nEuc.+HARD,hybrid,0.1251904856413603,0.44736744165420533,5,5
0bzkGQLy7b4_2_s0_f2_0014.npz,Hybrid\nEuc.+HARD,hybrid,0.1637835850318273,0.9605441093444824,3,3
0bzkGQLy7b4_2_s0_f3_0015.npz,Hybrid\nEuc.+HARD,hybrid,0.1373593583703041,0.8218908309936523,3,3
0bzkGQLy7b4_2_s0_f4_0016.npz,Hybrid\nEuc.+HARD,hybrid,0.21523328498005867,0.5282372385263443,4,4
0bzkGQLy7b4_2_s1_f0_0017.npz,Hybrid\nEuc.+HARD,hybrid,0.12619928471170938,0.1831895995598573,13,13
0bzkGQLy7b4_2_s1_f1_0018.npz,Hybrid\nEuc.+HARD,hybrid,0.10870469808578491,0.42735679149627687,5,5
0bzkGQLy7b4_2_s1_f2_0019.npz,Hybrid\nEuc.+HARD,hybrid,0.14421855984255672,0.3218959551304579,8,8
0bzkGQLy7b4_2_s1_f3_0020.npz,Hybrid\nEuc.+HARD,hybrid,0.11129575781524181,0.3078484106808901,8,8
0bzkGQLy7b4_2_s1_f4_0021.npz,Hybrid\nEuc.+HARD,hybrid,0.1250795353617933,0.28846892217795056,9,9
0bzkGQLy7b4_2_s2_f0_0022.npz,Hybrid\nEuc.+HARD,hybrid,0.12741635409551427,0.17247556346027473,19,19
0bzkGQLy7b4_2_s2_f1_0023.npz,Hybrid\nEuc.+HARD,hybrid,0.1752581314649433,0.08242420786443878,34,34
0bzkGQLy7b4_2_s2_f2_0024.npz,Hybrid\nEuc.+HARD,hybrid,0.18817194271832705,0.10312874557880256,26,26
0bzkGQLy7b4_2_s2_f3_0025.npz,Hybrid\nEuc.+HARD,hybrid,0.10753659191059656,0.09910940789970858,29,29
0bzkGQLy7b4_2_s2_f4_0026.npz,Hybrid\nEuc.+HARD,hybrid,0.09686501379366275,0.10639650623003642,27,27
0mqckt2Uca8_0_s1_f3_0027.npz,Hybrid\nEuc.+HARD,hybrid,0.04335680603981018,4.224429607391357,1,1
0mqckt2Uca8_0_s1_f4_0028.npz,Hybrid\nEuc.+HARD,hybrid,0.04827607423067093,3.547142744064331,1,1
0mqckt2Uca8_0_s2_f3_0029.npz,Hybrid\nEuc.+HARD,hybrid,0.11847602079312007,0.9357780615488688,3,3
0mqckt2Uca8_0_s2_f4_0030.npz,Hybrid\nEuc.+HARD,hybrid,0.13614540323615074,0.8898768484592438,5,5
0mqckt2Uca8_2_s0_f1_0031.npz,Hybrid\nEuc.+HARD,hybrid,0.4848974049091339,1.2756507396697998,2,2
0mqckt2Uca8_2_s0_f2_0032.npz,Hybrid\nEuc.+HARD,hybrid,0.3694366216659546,0.9143052101135254,2,2
0mqckt2Uca8_2_s0_f3_0033.npz,Hybrid\nEuc.+HARD,hybrid,0.3898795247077942,2.945113182067871,1,1
0mqckt2Uca8_2_s1_f0_0034.npz,Hybrid\nEuc.+HARD,hybrid,0.07846675254404545,1.1569575667381287,2,2
0mqckt2Uca8_2_s1_f1_0035.npz,Hybrid\nEuc.+HARD,hybrid,0.024701206013560295,2.8791680335998535,1,1
0mqckt2Uca8_2_s1_f2_0036.npz,Hybrid\nEuc.+HARD,hybrid,0.21226568892598152,0.5818860679864883,4,4
0mqckt2Uca8_2_s1_f3_0037.npz,Hybrid\nEuc.+HARD,hybrid,0.22790685296058655,2.1381545066833496,1,1
0mqckt2Uca8_2_s1_f4_0038.npz,Hybrid\nEuc.+HARD,hybrid,0.06327791512012482,3.1837446689605713,1,1
0mqckt2Uca8_2_s2_f0_0039.npz,Hybrid\nEuc.+HARD,hybrid,0.09553445316851139,0.32552806701925063,9,9
0mqckt2Uca8_2_s2_f1_0040.npz,Hybrid\nEuc.+HARD,hybrid,0.13729416858404875,0.32522130343649125,9,9
0mqckt2Uca8_2_s2_f2_0041.npz,Hybrid\nEuc.+HARD,hybrid,0.10177275145219432,0.33102236853705513,9,9
0mqckt2Uca8_2_s2_f3_0042.npz,Hybrid\nEuc.+HARD,hybrid,0.13976968312636018,0.680203303694725,4,4
0mqckt2Uca8_2_s2_f4_0043.npz,Hybrid\nEuc.+HARD,hybrid,0.036618508584797385,0.6467558979988098,5,5
26xaTuDMCIQ_1_s0_f0_0057.npz,Hybrid\nEuc.+HARD,hybrid,0.24139785766601562,2.6838066577911377,1,1
26xaTuDMCIQ_1_s0_f2_0058.npz,Hybrid\nEuc.+HARD,hybrid,0.2638344168663025,1.6363012790679932,2,2
26xaTuDMCIQ_1_s0_f3_0059.npz,Hybrid\nEuc.+HARD,hybrid,0.3009297773241997,1.367751955986023,2,2
26xaTuDMCIQ_1_s0_f4_0060.npz,Hybrid\nEuc.+HARD,hybrid,0.2605692967772484,1.2015564441680908,2,2
26xaTuDMCIQ_1_s1_f0_0061.npz,Hybrid\nEuc.+HARD,hybrid,0.2668110926946004,0.7063684860865275,3,3
26xaTuDMCIQ_1_s1_f1_0062.npz,Hybrid\nEuc.+HARD,hybrid,0.2769012153148651,1.0819128453731537,2,2
26xaTuDMCIQ_1_s1_f2_0063.npz,Hybrid\nEuc.+HARD,hybrid,0.15706953778862953,0.6353486776351929,4,4
26xaTuDMCIQ_1_s1_f3_0064.npz,Hybrid\nEuc.+HARD,hybrid,0.13878890313208103,0.7235251218080521,4,4
26xaTuDMCIQ_1_s1_f4_0065.npz,Hybrid\nEuc.+HARD,hybrid,0.12460210360586643,0.283971443772316,10,10
26xaTuDMCIQ_1_s2_f0_0066.npz,Hybrid\nEuc.+HARD,hybrid,0.12179560042344607,0.18390340071458083,13,13
26xaTuDMCIQ_1_s2_f1_0067.npz,Hybrid\nEuc.+HARD,hybrid,0.11988533474504948,0.12758087118466696,21,21
26xaTuDMCIQ_1_s2_f2_0068.npz,Hybrid\nEuc.+HARD,hybrid,0.1591078915140208,0.14603753431754954,17,17
26xaTuDMCIQ_1_s2_f3_0069.npz,Hybrid\nEuc.+HARD,hybrid,0.14406297302671842,0.1222573330714589,21,21
26xaTuDMCIQ_1_s2_f4_0070.npz,Hybrid\nEuc.+HARD,hybrid,0.13015110187587284,0.13129482240903945,21,21
28XJmUz906g_0_s0_f1_0071.npz,Hybrid\nEuc.+HARD,hybrid,0.29232799013455707,0.9298437436421713,3,3
28XJmUz906g_0_s0_f3_0072.npz,Hybrid\nEuc.+HARD,hybrid,0.5452611446380615,2.856867551803589,1,1
28XJmUz906g_0_s0_f4_0073.npz,Hybrid\nEuc.+HARD,hybrid,0.10793356597423553,4.8458781242370605,1,1
28XJmUz906g_0_s1_f0_0074.npz,Hybrid\nEuc.+HARD,hybrid,0.25170657932758334,0.46494298577308657,5,5
28XJmUz906g_0_s1_f1_0075.npz,Hybrid\nEuc.+HARD,hybrid,0.1386517956852913,0.3153893457991736,7,7
28XJmUz906g_0_s1_f2_0076.npz,Hybrid\nEuc.+HARD,hybrid,0.12584921841820082,0.8592566649119059,3,3
28XJmUz906g_0_s1_f3_0077.npz,Hybrid\nEuc.+HARD,hybrid,0.30648463112967356,0.3391647934913635,7,7
28XJmUz906g_0_s1_f4_0078.npz,Hybrid\nEuc.+HARD,hybrid,0.27596429735422134,0.41455403467019397,6,6
28XJmUz906g_0_s2_f0_0079.npz,Hybrid\nEuc.+HARD,hybrid,0.12370212057430763,0.19330494431778789,16,16
28XJmUz906g_0_s2_f1_0080.npz,Hybrid\nEuc.+HARD,hybrid,0.21369749546051026,0.10604068100452423,25,25
28XJmUz906g_0_s2_f2_0081.npz,Hybrid\nEuc.+HARD,hybrid,0.19245046774546307,0.1792023574312528,15,15
28XJmUz906g_0_s2_f3_0082.npz,Hybrid\nEuc.+HARD,hybrid,0.13823812548071146,0.19360953383147717,16,16
28XJmUz906g_0_s2_f4_0083.npz,Hybrid\nEuc.+HARD,hybrid,0.16175111414243779,0.2590920093158881,12,12
3vheOi4y540_1_s0_f1_0084.npz,Hybrid\nEuc.+HARD,hybrid,0.13981110509485006,1.3655360639095306,2,2
3vheOi4y540_1_s0_f2_0085.npz,Hybrid\nEuc.+HARD,hybrid,0.20718500949442387,1.2850247025489807,2,2
3vheOi4y540_1_s0_f3_0086.npz,Hybrid\nEuc.+HARD,hybrid,0.03561054542660713,2.8087971210479736,1,1
3vheOi4y540_1_s1_f0_0087.npz,Hybrid\nEuc.+HARD,hybrid,0.23690629750490189,0.8291841944058737,3,3
3vheOi4y540_1_s1_f1_0088.npz,Hybrid\nEuc.+HARD,hybrid,0.16854586452245712,1.2728096842765808,2,2
3vheOi4y540_1_s1_f2_0089.npz,Hybrid\nEuc.+HARD,hybrid,0.11242014701877322,0.36587484180927277,7,7
3vheOi4y540_1_s1_f3_0090.npz,Hybrid\nEuc.+HARD,hybrid,0.2101190189520518,0.7308896581331888,3,3
3vheOi4y540_1_s1_f4_0091.npz,Hybrid\nEuc.+HARD,hybrid,0.08194816958469649,0.3520571291446686,6,6
3vheOi4y540_1_s2_f0_0092.npz,Hybrid\nEuc.+HARD,hybrid,0.11535129577598789,0.2733862427147952,11,11
3vheOi4y540_1_s2_f1_0093.npz,Hybrid\nEuc.+HARD,hybrid,0.08848706563003361,0.393845334649086,8,8
3vheOi4y540_1_s2_f2_0094.npz,Hybrid\nEuc.+HARD,hybrid,0.11336869041302375,0.4757714995316097,7,7
3vheOi4y540_1_s2_f3_0095.npz,Hybrid\nEuc.+HARD,hybrid,0.08489382173866034,0.2441569355626901,12,12
3vheOi4y540_1_s2_f4_0096.npz,Hybrid\nEuc.+HARD,hybrid,0.07908505773437875,0.222078516547169,14,14
9xp46AwF9BY_3_s0_f2_0097.npz,Hybrid\nEuc.+HARD,hybrid,0.27485573291778564,4.069741249084473,1,1
9xp46AwF9BY_3_s0_f3_0098.npz,Hybrid\nEuc.+HARD,hybrid,0.38923507928848267,3.5076804161071777,1,1
9xp46AwF9BY_3_s0_f4_0099.npz,Hybrid\nEuc.+HARD,hybrid,0.14585440854231516,1.3914807240168254,3,3
9xp46AwF9BY_3_s1_f0_0100.npz,Hybrid\nEuc.+HARD,hybrid,0.09606063086539507,1.0547719895839691,2,2
9xp46AwF9BY_3_s1_f1_0101.npz,Hybrid\nEuc.+HARD,hybrid,0.21102880934874216,0.6920193235079447,3,3
9xp46AwF9BY_3_s1_f2_0102.npz,Hybrid\nEuc.+HARD,hybrid,0.10112394392490387,2.1044867038726807,1,1
9xp46AwF9BY_3_s1_f3_0103.npz,Hybrid\nEuc.+HARD,hybrid,0.18934933375567198,1.0571424961090088,2,2
9xp46AwF9BY_3_s1_f4_0104.npz,Hybrid\nEuc.+HARD,hybrid,0.08656356856226921,1.0955267548561096,2,2
9xp46AwF9BY_3_s2_f0_0105.npz,Hybrid\nEuc.+HARD,hybrid,0.1445974578548755,0.18964775625084127,14,14
9xp46AwF9BY_3_s2_f1_0106.npz,Hybrid\nEuc.+HARD,hybrid,0.07888491963967681,0.5491748054822286,6,6
9xp46AwF9BY_3_s2_f2_0107.npz,Hybrid\nEuc.+HARD,hybrid,0.09063200404246648,0.3639668888515896,9,9
9xp46AwF9BY_3_s2_f3_0108.npz,Hybrid\nEuc.+HARD,hybrid,0.16691286783092296,0.22589514805720404,13,13
9xp46AwF9BY_3_s2_f4_0109.npz,Hybrid\nEuc.+HARD,hybrid,0.10870346970235308,0.34455671575334335,9,9
BZyTr2Pku2A_2_s0_f0_0136.npz,Hybrid\nEuc.+HARD,hybrid,0.14670642465353012,1.0984710454940796,2,2
BZyTr2Pku2A_2_s0_f1_0137.npz,Hybrid\nEuc.+HARD,hybrid,0.16458074748516083,1.4498140811920166,1,1
BZyTr2Pku2A_2_s0_f2_0138.npz,Hybrid\nEuc.+HARD,hybrid,0.15963555499911308,1.113966017961502,2,2
BZyTr2Pku2A_2_s0_f3_0139.npz,Hybrid\nEuc.+HARD,hybrid,0.13532527163624763,1.1400296092033386,2,2
BZyTr2Pku2A_2_s0_f4_0140.npz,Hybrid\nEuc.+HARD,hybrid,0.19513246417045593,1.4682890176773071,1,1
BZyTr2Pku2A_2_s1_f0_0141.npz,Hybrid\nEuc.+HARD,hybrid,0.16697872678438822,0.768153727054596,3,3
BZyTr2Pku2A_2_s1_f1_0142.npz,Hybrid\nEuc.+HARD,hybrid,0.021711330860853195,1.6920229196548462,1,1
BZyTr2Pku2A_2_s1_f2_0143.npz,Hybrid\nEuc.+HARD,hybrid,0.20502856373786926,2.789395809173584,1,1
BZyTr2Pku2A_2_s1_f3_0144.npz,Hybrid\nEuc.+HARD,hybrid,0.17515310645103455,0.6790621678034464,3,3
BZyTr2Pku2A_2_s1_f4_0145.npz,Hybrid\nEuc.+HARD,hybrid,0.21501067280769348,1.006551444530487,2,2
BZyTr2Pku2A_2_s2_f0_0146.npz,Hybrid\nEuc.+HARD,hybrid,0.07674019944600084,0.25933643227273767,11,11
BZyTr2Pku2A_2_s2_f1_0147.npz,Hybrid\nEuc.+HARD,hybrid,0.062077540904283524,0.1878578751347959,16,16
BZyTr2Pku2A_2_s2_f2_0148.npz,Hybrid\nEuc.+HARD,hybrid,0.05702333603627407,0.22834236232134011,13,13
BZyTr2Pku2A_2_s2_f3_0149.npz,Hybrid\nEuc.+HARD,hybrid,0.06997371238789388,0.20855559302227838,14,14
BZyTr2Pku2A_2_s2_f4_0150.npz,Hybrid\nEuc.+HARD,hybrid,0.06928665046580136,0.2549602560698986,10,10
BvtaXGFoeRA_0_s0_f0_0123.npz,Hybrid\nEuc.+HARD,hybrid,0.2758157253265381,2.430697441101074,1,1
BvtaXGFoeRA_0_s0_f3_0124.npz,Hybrid\nEuc.+HARD,hybrid,0.24683623015880585,0.8087417483329773,2,2
BvtaXGFoeRA_0_s0_f4_0125.npz,Hybrid\nEuc.+HARD,hybrid,0.27087467908859253,2.372720241546631,1,1
BvtaXGFoeRA_0_s1_f0_0126.npz,Hybrid\nEuc.+HARD,hybrid,0.21066205203533173,2.481969118118286,1,1
BvtaXGFoeRA_0_s1_f1_0127.npz,Hybrid\nEuc.+HARD,hybrid,0.16179213921229044,0.7985813021659851,3,3
BvtaXGFoeRA_0_s1_f2_0128.npz,Hybrid\nEuc.+HARD,hybrid,0.0757386755819122,0.4156588464975357,6,6
BvtaXGFoeRA_0_s1_f3_0129.npz,Hybrid\nEuc.+HARD,hybrid,0.11517545022070408,0.3182928916066885,8,8
BvtaXGFoeRA_0_s1_f4_0130.npz,Hybrid\nEuc.+HARD,hybrid,0.12420285244782765,0.8698438803354899,3,3
BvtaXGFoeRA_0_s2_f0_0131.npz,Hybrid\nEuc.+HARD,hybrid,0.11561309732496738,0.4877455582221349,6,6
BvtaXGFoeRA_0_s2_f1_0132.npz,Hybrid\nEuc.+HARD,hybrid,0.0459634929895401,0.732752513885498,5,5
BvtaXGFoeRA_0_s2_f2_0133.npz,Hybrid\nEuc.+HARD,hybrid,0.18463564584297792,0.201924310198852,14,14
BvtaXGFoeRA_0_s2_f3_0134.npz,Hybrid\nEuc.+HARD,hybrid,0.14484845538224492,0.0879706533891814,35,35
BvtaXGFoeRA_0_s2_f4_0135.npz,Hybrid\nEuc.+HARD,hybrid,0.09852728087987218,0.4096068527017321,7,7
CNbSq__q-BY_s0_f3_0151.npz,Hybrid\nEuc.+HARD,hybrid,0.05622497946023941,6.36457633972168,1,1
CNbSq__q-BY_s1_f2_0152.npz,Hybrid\nEuc.+HARD,hybrid,0.1995427906513214,1.744020700454712,2,2
CNbSq__q-BY_s1_f3_0153.npz,Hybrid\nEuc.+HARD,hybrid,0.061067250867684685,1.1317360401153564,3,3
CNbSq__q-BY_s2_f1_0154.npz,Hybrid\nEuc.+HARD,hybrid,0.1665708888322115,0.7846051752567291,4,4
CNbSq__q-BY_s2_f2_0155.npz,Hybrid\nEuc.+HARD,hybrid,0.06415649447590113,0.34610414803028106,10,10
CNbSq__q-BY_s2_f3_0156.npz,Hybrid\nEuc.+HARD,hybrid,0.09372822905424982,0.3977094143629074,8,8
DGC9d3n7Tpw_0_s0_f3_0157.npz,Hybrid\nEuc.+HARD,hybrid,0.2520800828933716,2.463792562484741,1,1
DGC9d3n7Tpw_0_s1_f3_0158.npz,Hybrid\nEuc.+HARD,hybrid,0.0831067164738973,0.8406306306521097,3,3
DGC9d3n7Tpw_0_s2_f0_0159.npz,Hybrid\nEuc.+HARD,hybrid,0.050395100563764575,0.5569534122943878,5,5
DGC9d3n7Tpw_0_s2_f3_0160.npz,Hybrid\nEuc.+HARD,hybrid,0.1276946390668551,0.4312454213698705,6,6
ELZzyhWMdqA_0_s0_f0_0161.npz,Hybrid\nEuc.+HARD,hybrid,0.3265082836151123,3.440760612487793,1,1
ELZzyhWMdqA_0_s0_f2_0162.npz,Hybrid\nEuc.+HARD,hybrid,0.21915528178215027,3.254807710647583,1,1
ELZzyhWMdqA_0_s0_f3_0163.npz,Hybrid\nEuc.+HARD,hybrid,0.3790830373764038,2.5835988521575928,1,1
ELZzyhWMdqA_0_s0_f4_0164.npz,Hybrid\nEuc.+HARD,hybrid,0.19197559356689453,2.1677613258361816,1,1
ELZzyhWMdqA_0_s1_f1_0165.npz,Hybrid\nEuc.+HARD,hybrid,0.33081476390361786,1.302645206451416,2,2
ELZzyhWMdqA_0_s1_f2_0166.npz,Hybrid\nEuc.+HARD,hybrid,0.11172681984802087,0.7117239435513815,3,3
ELZzyhWMdqA_0_s1_f3_0167.npz,Hybrid\nEuc.+HARD,hybrid,0.0873105120845139,0.5641488954424858,4,4
ELZzyhWMdqA_0_s1_f4_0168.npz,Hybrid\nEuc.+HARD,hybrid,0.1636366844177246,0.635837972164154,3,3
ELZzyhWMdqA_0_s2_f0_0169.npz,Hybrid\nEuc.+HARD,hybrid,0.15224539488554,0.6070572972297669,5,5
ELZzyhWMdqA_0_s2_f1_0170.npz,Hybrid\nEuc.+HARD,hybrid,0.20208375081419944,0.6004121601581573,5,5
ELZzyhWMdqA_0_s2_f2_0171.npz,Hybrid\nEuc.+HARD,hybrid,0.06223640396175059,0.24806801161982797,11,11
ELZzyhWMdqA_0_s2_f3_0172.npz,Hybrid\nEuc.+HARD,hybrid,0.07662629014389082,0.25785730237310583,11,11
ELZzyhWMdqA_0_s2_f4_0173.npz,Hybrid\nEuc.+HARD,hybrid,0.09843789667894061,0.1975353635274447,13,13
ELZzyhWMdqA_1_s0_f0_0174.npz,Hybrid\nEuc.+HARD,hybrid,0.10710472613573074,5.0525922775268555,1,1
ELZzyhWMdqA_1_s0_f2_0175.npz,Hybrid\nEuc.+HARD,hybrid,0.18940618634223938,4.178890705108643,1,1
ELZzyhWMdqA_1_s1_f0_0176.npz,Hybrid\nEuc.+HARD,hybrid,0.08152313377442104,0.3637128749064037,7,7
ELZzyhWMdqA_1_s1_f1_0177.npz,Hybrid\nEuc.+HARD,hybrid,0.08501704223453999,0.407759169737498,6,6
ELZzyhWMdqA_1_s1_f2_0178.npz,Hybrid\nEuc.+HARD,hybrid,0.10615558624267578,0.5511255621910095,5,5
ELZzyhWMdqA_1_s1_f3_0179.npz,Hybrid\nEuc.+HARD,hybrid,0.08436801005154848,0.2955502435564995,10,10
ELZzyhWMdqA_1_s1_f4_0180.npz,Hybrid\nEuc.+HARD,hybrid,0.12827812135219574,0.9651375412940979,3,3
ELZzyhWMdqA_1_s2_f0_0181.npz,Hybrid\nEuc.+HARD,hybrid,0.11103833323487869,0.20276107925635117,13,13
ELZzyhWMdqA_1_s2_f1_0182.npz,Hybrid\nEuc.+HARD,hybrid,0.12833450916830613,0.12149231168239014,23,23
ELZzyhWMdqA_1_s2_f2_0183.npz,Hybrid\nEuc.+HARD,hybrid,0.14128621135439193,0.19097408332995006,14,14
ELZzyhWMdqA_1_s2_f3_0184.npz,Hybrid\nEuc.+HARD,hybrid,0.0915136176161468,0.2877827748656273,10,10
ELZzyhWMdqA_1_s2_f4_0185.npz,Hybrid\nEuc.+HARD,hybrid,0.08149599943023461,0.22745669117340675,13,13
EnpqqJXs0aY_2_s0_f2_0196.npz,Hybrid\nEuc.+HARD,hybrid,0.4022693932056427,1.1130709648132324,2,2
EnpqqJXs0aY_2_s0_f3_0197.npz,Hybrid\nEuc.+HARD,hybrid,0.23513463139533997,2.061614751815796,1,1
EnpqqJXs0aY_2_s0_f4_0198.npz,Hybrid\nEuc.+HARD,hybrid,0.045489728450775146,3.134845018386841,1,1
EnpqqJXs0aY_2_s1_f0_0199.npz,Hybrid\nEuc.+HARD,hybrid,0.13820822909474373,0.5499131381511688,4,4
EnpqqJXs0aY_2_s1_f1_0200.npz,Hybrid\nEuc.+HARD,hybrid,0.20355743989348413,0.5083980441093445,5,5
EnpqqJXs0aY_2_s1_f2_0201.npz,Hybrid\nEuc.+HARD,hybrid,0.18548327932755151,0.379563902815183,6,6
EnpqqJXs0aY_2_s1_f3_0202.npz,Hybrid\nEuc.+HARD,hybrid,0.052976833656430244,0.9701232314109802,3,3
EnpqqJXs0aY_2_s1_f4_0203.npz,Hybrid\nEuc.+HARD,hybrid,0.10907554998993874,0.48510544896125796,5,5
EnpqqJXs0aY_2_s2_f0_0204.npz,Hybrid\nEuc.+HARD,hybrid,0.08949636746870561,0.1705231418212255,18,18
EnpqqJXs0aY_2_s2_f1_0205.npz,Hybrid\nEuc.+HARD,hybrid,0.1019549366870993,0.16077959576719686,19,19
EnpqqJXs0aY_2_s2_f2_0206.npz,Hybrid\nEuc.+HARD,hybrid,0.039872935973107815,0.2244802226915079,17,17
EnpqqJXs0aY_2_s2_f3_0207.npz,Hybrid\nEuc.+HARD,hybrid,0.08056294885190095,0.19195270450676188,17,17
EnpqqJXs0aY_2_s2_f4_0208.npz,Hybrid\nEuc.+HARD,hybrid,0.061842385340820656,0.15812032602050088,22,22
FgNwZuMFQwY_0_s0_f2_0209.npz,Hybrid\nEuc.+HARD,hybrid,0.2642257660627365,2.132573962211609,2,2
FgNwZuMFQwY_0_s0_f3_0210.npz,Hybrid\nEuc.+HARD,hybrid,0.0870465412735939,2.1873477697372437,2,2
FgNwZuMFQwY_0_s1_f0_0211.npz,Hybrid\nEuc.+HARD,hybrid,0.11992334326108296,0.8662025928497314,3,3
FgNwZuMFQwY_0_s1_f1_0212.npz,Hybrid\nEuc.+HARD,hybrid,0.29071176052093506,2.1808884143829346,1,1
FgNwZuMFQwY_0_s1_f2_0213.npz,Hybrid\nEuc.+HARD,hybrid,0.04466046020388603,1.3571985960006714,2,2
FgNwZuMFQwY_0_s1_f3_0214.npz,Hybrid\nEuc.+HARD,hybrid,0.15513582527637482,1.0056855877240498,3,3
FgNwZuMFQwY_0_s1_f4_0215.npz,Hybrid\nEuc.+HARD,hybrid,0.20387420058250427,1.1959794163703918,2,2
FgNwZuMFQwY_0_s2_f0_0216.npz,Hybrid\nEuc.+HARD,hybrid,0.23061392903327943,0.4132942795753479,5,5
FgNwZuMFQwY_0_s2_f1_0217.npz,Hybrid\nEuc.+HARD,hybrid,0.1528960076160729,0.5613676488399506,5,5
FgNwZuMFQwY_0_s2_f2_0218.npz,Hybrid\nEuc.+HARD,hybrid,0.14679639707677639,0.20445943451844728,13,13
FgNwZuMFQwY_0_s2_f3_0219.npz,Hybrid\nEuc.+HARD,hybrid,0.12037854082882404,0.39565909281373024,8,8
FgNwZuMFQwY_0_s2_f4_0220.npz,Hybrid\nEuc.+HARD,hybrid,0.20644864290952683,0.247355879843235,10,10
FgNwZuMFQwY_1_s0_f1_0221.npz,Hybrid\nEuc.+HARD,hybrid,0.15578669868409634,0.9319573044776917,4,4
FgNwZuMFQwY_1_s0_f2_0222.npz,Hybrid\nEuc.+HARD,hybrid,0.20300910621881485,1.7868409156799316,2,2
FgNwZuMFQwY_1_s0_f3_0223.npz,Hybrid\nEuc.+HARD,hybrid,0.4110083058476448,1.723962426185608,2,2
FgNwZuMFQwY_1_s1_f0_0224.npz,Hybrid\nEuc.+HARD,hybrid,0.4588393270969391,1.969890832901001,1,1
FgNwZuMFQwY_1_s1_f1_0225.npz,Hybrid\nEuc.+HARD,hybrid,0.20504022762179375,0.5666283145546913,4,4
FgNwZuMFQwY_1_s1_f2_0226.npz,Hybrid\nEuc.+HARD,hybrid,0.18900307267904282,0.9354163110256195,2,2
FgNwZuMFQwY_1_s1_f3_0227.npz,Hybrid\nEuc.+HARD,hybrid,0.03446804732084274,3.0894994735717773,1,1
FgNwZuMFQwY_1_s2_f0_0228.npz,Hybrid\nEuc.+HARD,hybrid,0.0577810766796271,0.579783300558726,6,6
FgNwZuMFQwY_1_s2_f1_0229.npz,Hybrid\nEuc.+HARD,hybrid,0.17192459106445312,0.3095232117921114,8,8
FgNwZuMFQwY_1_s2_f2_0230.npz,Hybrid\nEuc.+HARD,hybrid,0.11080264087234225,0.40589418581553866,7,7
FgNwZuMFQwY_1_s2_f3_0231.npz,Hybrid\nEuc.+HARD,hybrid,0.18755273520946503,0.39851084777287077,7,7
FhF2q_P-vAA_0_s0_f0_0232.npz,Hybrid\nEuc.+HARD,hybrid,0.10161882638931274,2.908987045288086,1,1
FhF2q_P-vAA_0_s0_f2_0233.npz,Hybrid\nEuc.+HARD,hybrid,0.20585624873638153,1.7386877536773682,1,1
FhF2q_P-vAA_0_s0_f3_0234.npz,Hybrid\nEuc.+HARD,hybrid,0.10741657018661499,4.536832332611084,1,1
FhF2q_P-vAA_0_s0_f4_0235.npz,Hybrid\nEuc.+HARD,hybrid,0.4493473172187805,2.6734838485717773,1,1
FhF2q_P-vAA_0_s1_f1_0236.npz,Hybrid\nEuc.+HARD,hybrid,0.07617366313934326,2.5685954093933105,1,1
FhF2q_P-vAA_0_s1_f2_0237.npz,Hybrid\nEuc.+HARD,hybrid,0.014172118157148361,2.596201181411743,1,1
FhF2q_P-vAA_0_s1_f3_0238.npz,Hybrid\nEuc.+HARD,hybrid,0.14865094562992454,0.7788069695234299,4,4
FhF2q_P-vAA_0_s2_f0_0239.npz,Hybrid\nEuc.+HARD,hybrid,0.10381746333506373,0.3137404852443271,9,9
FhF2q_P-vAA_0_s2_f1_0240.npz,Hybrid\nEuc.+HARD,hybrid,0.07944317301735282,0.7115674465894699,4,4
FhF2q_P-vAA_0_s2_f2_0241.npz,Hybrid\nEuc.+HARD,hybrid,0.15627135708928108,0.6047320291399956,4,4
FhF2q_P-vAA_0_s2_f3_0242.npz,Hybrid\nEuc.+HARD,hybrid,0.03291186959379249,0.32958757711781395,9,9
FhF2q_P-vAA_0_s2_f4_0243.npz,Hybrid\nEuc.+HARD,hybrid,0.05827710319620868,0.25142965589960414,12,12
GJqSBf6p8qg_0_s0_f3_0244.npz,Hybrid\nEuc.+HARD,hybrid,0.13461916148662567,7.735464096069336,1,1
GJqSBf6p8qg_0_s2_f0_0245.npz,Hybrid\nEuc.+HARD,hybrid,0.2721899151802063,2.0933072566986084,1,1
GJqSBf6p8qg_0_s2_f3_0246.npz,Hybrid\nEuc.+HARD,hybrid,0.12947897613048553,3.0051259994506836,1,1
GJqSBf6p8qg_0_s2_f4_0247.npz,Hybrid\nEuc.+HARD,hybrid,0.18153546750545502,3.240104913711548,1,1
GsfG9ZC8rUU_0_s0_f0_0269.npz,Hybrid\nEuc.+HARD,hybrid,0.4102814793586731,2.4444234371185303,1,1
GsfG9ZC8rUU_0_s0_f1_0270.npz,Hybrid\nEuc.+HARD,hybrid,0.37127602100372314,2.1195573806762695,1,1
GsfG9ZC8rUU_0_s0_f2_0271.npz,Hybrid\nEuc.+HARD,hybrid,0.3758746385574341,2.1658618450164795,1,1
GsfG9ZC8rUU_0_s1_f0_0272.npz,Hybrid\nEuc.+HARD,hybrid,0.09394350408443383,0.3474636163030352,7,7
GsfG9ZC8rUU_0_s1_f1_0273.npz,Hybrid\nEuc.+HARD,hybrid,0.11065429374575615,0.594038587808609,5,5
GsfG9ZC8rUU_0_s1_f2_0274.npz,Hybrid\nEuc.+HARD,hybrid,0.11168310954235494,0.3158467561006546,8,8
GsfG9ZC8rUU_0_s2_f0_0275.npz,Hybrid\nEuc.+HARD,hybrid,0.15884678941220046,0.09817110687494278,25,25
GsfG9ZC8rUU_0_s2_f1_0276.npz,Hybrid\nEuc.+HARD,hybrid,0.18887455934001243,0.06601100327337489,34,34
GsfG9ZC8rUU_0_s2_f2_0277.npz,Hybrid\nEuc.+HARD,hybrid,0.1906147082175674,0.07493159643791873,29,29
I8K17mzV-QU_0_s0_f1_0278.npz,Hybrid\nEuc.+HARD,hybrid,0.17936331033706665,3.164130687713623,1,1
I8K17mzV-QU_0_s1_f0_0279.npz,Hybrid\nEuc.+HARD,hybrid,0.304946206510067,1.1072638034820557,2,2
I8K17mzV-QU_0_s1_f1_0280.npz,Hybrid\nEuc.+HARD,hybrid,0.06898527592420578,2.9342615604400635,1,1
I8K17mzV-QU_0_s1_f2_0281.npz,Hybrid\nEuc.+HARD,hybrid,0.09221600741147995,0.8429726759592692,3,3
I8K17mzV-QU_0_s1_f3_0282.npz,Hybrid\nEuc.+HARD,hybrid,0.04273015074431896,1.4434064626693726,2,2
I8K17mzV-QU_0_s1_f4_0283.npz,Hybrid\nEuc.+HARD,hybrid,0.22108222544193268,2.445589780807495,1,1
I8K17mzV-QU_0_s2_f0_0284.npz,Hybrid\nEuc.+HARD,hybrid,0.0840229086045708,0.4304723952497755,7,7
I8K17mzV-QU_0_s2_f1_0285.npz,Hybrid\nEuc.+HARD,hybrid,0.11547923957308133,0.5026336560646693,6,6
I8K17mzV-QU_0_s2_f2_0286.npz,Hybrid\nEuc.+HARD,hybrid,0.056327308062464,0.42977267503738403,7,7
I8K17mzV-QU_0_s2_f3_0287.npz,Hybrid\nEuc.+HARD,hybrid,0.11625907421112061,0.6143080055713653,5,5
I8K17mzV-QU_0_s2_f4_0288.npz,Hybrid\nEuc.+HARD,hybrid,0.07784530147910118,0.5929471850395203,5,5
Kd42SbTQv2U_11_s0_f0_0289.npz,Hybrid\nEuc.+HARD,hybrid,0.07525461167097092,1.3237738609313965,1,1
Kd42SbTQv2U_11_s0_f2_0290.npz,Hybrid\nEuc.+HARD,hybrid,0.2977747917175293,1.97275710105896,1,1
Kd42SbTQv2U_11_s0_f3_0291.npz,Hybrid\nEuc.+HARD,hybrid,0.3347761631011963,3.375574827194214,1,1
Kd42SbTQv2U_11_s0_f4_0292.npz,Hybrid\nEuc.+HARD,hybrid,0.3755388855934143,4.3386735916137695,1,1
Kd42SbTQv2U_11_s1_f0_0293.npz,Hybrid\nEuc.+HARD,hybrid,0.028673137072473764,1.724990963935852,2,2
Kd42SbTQv2U_11_s1_f1_0294.npz,Hybrid\nEuc.+HARD,hybrid,0.3661821484565735,2.7697205543518066,1,1
Kd42SbTQv2U_11_s1_f2_0295.npz,Hybrid\nEuc.+HARD,hybrid,0.1597104948014021,0.297046547755599,8,8
Kd42SbTQv2U_11_s1_f3_0296.npz,Hybrid\nEuc.+HARD,hybrid,0.11235692352056503,0.9612644910812378,2,2
Kd42SbTQv2U_11_s1_f4_0297.npz,Hybrid\nEuc.+HARD,hybrid,0.21328566347559294,0.800156037012736,3,3
Kd42SbTQv2U_11_s2_f0_0298.npz,Hybrid\nEuc.+HARD,hybrid,0.13332162384176627,0.205526283942163,16,16
Kd42SbTQv2U_11_s2_f1_0299.npz,Hybrid\nEuc.+HARD,hybrid,0.0653739292989485,0.32415347546339035,10,10
Kd42SbTQv2U_11_s2_f2_0300.npz,Hybrid\nEuc.+HARD,hybrid,0.09970079589402303,0.14792395690456034,20,20
Kd42SbTQv2U_11_s2_f3_0301.npz,Hybrid\nEuc.+HARD,hybrid,0.06288126676476427,0.10152651449399334,28,28
Kd42SbTQv2U_11_s2_f4_0302.npz,Hybrid\nEuc.+HARD,hybrid,0.06162300120506968,0.46479048899241854,7,7
OPXHT-rt5BQ_1_s0_f1_0357.npz,Hybrid\nEuc.+HARD,hybrid,0.3144666999578476,0.8725173473358154,2,2
OPXHT-rt5BQ_1_s0_f4_0358.npz,Hybrid\nEuc.+HARD,hybrid,0.025131825357675552,4.085329055786133,1,1
OPXHT-rt5BQ_1_s1_f0_0359.npz,Hybrid\nEuc.+HARD,hybrid,0.06251459537694852,0.8030012647310892,3,3
OPXHT-rt5BQ_1_s1_f1_0360.npz,Hybrid\nEuc.+HARD,hybrid,0.041056469082832336,2.1785099506378174,1,1
OPXHT-rt5BQ_1_s1_f2_0361.npz,Hybrid\nEuc.+HARD,hybrid,0.10107300182183583,0.8918500343958536,3,3
OPXHT-rt5BQ_1_s1_f3_0362.npz,Hybrid\nEuc.+HARD,hybrid,0.07735029608011246,0.4215109596649806,6,6
OPXHT-rt5BQ_1_s1_f4_0363.npz,Hybrid\nEuc.+HARD,hybrid,0.1455278125192438,0.3944537469318935,7,7
OPXHT-rt5BQ_1_s2_f0_0364.npz,Hybrid\nEuc.+HARD,hybrid,0.06704381734810093,0.1414685882627964,22,22
OPXHT-rt5BQ_1_s2_f1_0365.npz,Hybrid\nEuc.+HARD,hybrid,0.06302905155877982,0.15179754669467607,21,21
OPXHT-rt5BQ_1_s2_f2_0366.npz,Hybrid\nEuc.+HARD,hybrid,0.0839312853384763,0.11809140667319298,25,25
OPXHT-rt5BQ_1_s2_f3_0367.npz,Hybrid\nEuc.+HARD,hybrid,0.07511413343516844,0.1589403496611686,21,21
OPXHT-rt5BQ_1_s2_f4_0368.npz,Hybrid\nEuc.+HARD,hybrid,0.053279207676256955,0.16177250033146456,19,19
OfcjlybYwFs_2_s0_f0_0349.npz,Hybrid\nEuc.+HARD,hybrid,0.17811837792396545,1.6968464851379395,1,1
OfcjlybYwFs_2_s0_f1_0350.npz,Hybrid\nEuc.+HARD,hybrid,0.501737117767334,3.0442986488342285,1,1
OfcjlybYwFs_2_s1_f0_0351.npz,Hybrid\nEuc.+HARD,hybrid,0.06593822687864304,0.3550519074002902,6,6
OfcjlybYwFs_2_s1_f1_0352.npz,Hybrid\nEuc.+HARD,hybrid,0.14086174964904785,1.789707899093628,1,1
OfcjlybYwFs_2_s1_f4_0353.npz,Hybrid\nEuc.+HARD,hybrid,0.33052048832178116,0.5599386543035507,4,4
OfcjlybYwFs_2_s2_f0_0354.npz,Hybrid\nEuc.+HARD,hybrid,0.08878385039861314,0.1124298800714314,24,24
OfcjlybYwFs_2_s2_f1_0355.npz,Hybrid\nEuc.+HARD,hybrid,0.10582467092899606,0.43330641835927963,8,8
OfcjlybYwFs_2_s2_f4_0356.npz,Hybrid\nEuc.+HARD,hybrid,0.1071389349443572,0.24124371366841452,14,14
Ox7OpIu5CLI_1_s0_f0_0369.npz,Hybrid\nEuc.+HARD,hybrid,0.40441179275512695,2.687743663787842,1,1
Ox7OpIu5CLI_1_s0_f3_0370.npz,Hybrid\nEuc.+HARD,hybrid,0.06555916927754879,2.0164043307304382,2,2
Ox7OpIu5CLI_1_s1_f0_0371.npz,Hybrid\nEuc.+HARD,hybrid,0.19514319460306848,0.30350727907248903,7,7
Ox7OpIu5CLI_1_s1_f1_0372.npz,Hybrid\nEuc.+HARD,hybrid,0.1835130206309259,0.3251971695572138,8,8
Ox7OpIu5CLI_1_s1_f2_0373.npz,Hybrid\nEuc.+HARD,hybrid,0.20010462403297424,1.3759414553642273,2,2
Ox7OpIu5CLI_1_s1_f3_0374.npz,Hybrid\nEuc.+HARD,hybrid,0.12968949104348818,0.45508595804373425,6,6
Ox7OpIu5CLI_1_s1_f4_0375.npz,Hybrid\nEuc.+HARD,hybrid,0.09562437236309052,3.076760768890381,1,1
Ox7OpIu5CLI_1_s2_f0_0376.npz,Hybrid\nEuc.+HARD,hybrid,0.052270454111630504,0.14274351234021393,23,23
Ox7OpIu5CLI_1_s2_f1_0377.npz,Hybrid\nEuc.+HARD,hybrid,0.11063217523042113,0.33339492231607437,8,8
Ox7OpIu5CLI_1_s2_f2_0378.npz,Hybrid\nEuc.+HARD,hybrid,0.16319803707301617,0.21541161214311919,12,12
Ox7OpIu5CLI_1_s2_f3_0379.npz,Hybrid\nEuc.+HARD,hybrid,0.11153722037782982,0.1345204608071418,21,21
Ox7OpIu5CLI_1_s2_f4_0380.npz,Hybrid\nEuc.+HARD,hybrid,0.060249761139091695,0.18167156922189812,19,19
Ox7OpIu5CLI_6_s0_f3_0381.npz,Hybrid\nEuc.+HARD,hybrid,0.3298269212245941,2.9374611377716064,1,1
Ox7OpIu5CLI_6_s1_f3_0382.npz,Hybrid\nEuc.+HARD,hybrid,0.14263642517228922,0.8896793524424235,3,3
Ox7OpIu5CLI_6_s2_f3_0383.npz,Hybrid\nEuc.+HARD,hybrid,0.09560650354251266,0.19837517105042934,16,16
Ox7OpIu5CLI_7_s0_f0_0384.npz,Hybrid\nEuc.+HARD,hybrid,0.21109771355986595,1.4303489327430725,2,2
Ox7OpIu5CLI_7_s0_f2_0385.npz,Hybrid\nEuc.+HARD,hybrid,0.3332512080669403,0.7955921292304993,3,3
Ox7OpIu5CLI_7_s0_f3_0386.npz,Hybrid\nEuc.+HARD,hybrid,0.4113748073577881,2.407304048538208,1,1
Ox7OpIu5CLI_7_s1_f0_0387.npz,Hybrid\nEuc.+HARD,hybrid,0.20233840495347977,1.4102014601230621,2,2
Ox7OpIu5CLI_7_s1_f1_0388.npz,Hybrid\nEuc.+HARD,hybrid,0.09042150747134453,0.24472994233171144,9,9
Ox7OpIu5CLI_7_s1_f2_0389.npz,Hybrid\nEuc.+HARD,hybrid,0.08979303361847997,0.4775424301624298,5,5
Ox7OpIu5CLI_7_s1_f3_0390.npz,Hybrid\nEuc.+HARD,hybrid,0.10822335793636739,0.4122634877761205,6,6
Ox7OpIu5CLI_7_s1_f4_0391.npz,Hybrid\nEuc.+HARD,hybrid,0.05766996120413145,0.8795159260431925,3,3
Ox7OpIu5CLI_7_s2_f0_0392.npz,Hybrid\nEuc.+HARD,hybrid,0.05411566750038988,0.24491387261794165,13,13
Ox7OpIu5CLI_7_s2_f1_0393.npz,Hybrid\nEuc.+HARD,hybrid,0.10819963961590215,0.2037567730460848,14,14
Ox7OpIu5CLI_7_s2_f2_0394.npz,Hybrid\nEuc.+HARD,hybrid,0.0829484780602481,0.11539873286433842,23,23
Ox7OpIu5CLI_7_s2_f3_0395.npz,Hybrid\nEuc.+HARD,hybrid,0.16438273878561127,0.09683437397082646,27,27
Ox7OpIu5CLI_7_s2_f4_0396.npz,Hybrid\nEuc.+HARD,hybrid,0.0784116585014595,0.17114173455370796,18,18
PDhRwjqN83U_0_s0_f0_0397.npz,Hybrid\nEuc.+HARD,hybrid,0.06544118374586105,2.761465311050415,2,2
PDhRwjqN83U_0_s0_f1_0398.npz,Hybrid\nEuc.+HARD,hybrid,0.10159913450479507,3.0028457641601562,1,1
PDhRwjqN83U_0_s0_f2_0399.npz,Hybrid\nEuc.+HARD,hybrid,0.15188616514205933,1.7994493246078491,1,1
PDhRwjqN83U_0_s0_f3_0400.npz,Hybrid\nEuc.+HARD,hybrid,0.37970292568206787,3.4541971683502197,1,1
PDhRwjqN83U_0_s0_f4_0401.npz,Hybrid\nEuc.+HARD,hybrid,0.3911455124616623,1.8338501453399658,2,2
PDhRwjqN83U_0_s1_f0_0402.npz,Hybrid\nEuc.+HARD,hybrid,0.13807432353496552,0.5894297808408737,4,4
PDhRwjqN83U_0_s1_f1_0403.npz,Hybrid\nEuc.+HARD,hybrid,0.1247752234339714,0.756611188252767,3,3
PDhRwjqN83U_0_s1_f2_0404.npz,Hybrid\nEuc.+HARD,hybrid,0.14295555651187897,0.913179337978363,2,2
PDhRwjqN83U_0_s1_f3_0405.npz,Hybrid\nEuc.+HARD,hybrid,0.05097459256649017,2.1488146781921387,1,1
PDhRwjqN83U_0_s1_f4_0406.npz,Hybrid\nEuc.+HARD,hybrid,0.0640452653169632,0.9879818260669708,2,2
PDhRwjqN83U_0_s2_f0_0407.npz,Hybrid\nEuc.+HARD,hybrid,0.07434623688459396,0.32025589379999375,9,9
PDhRwjqN83U_0_s2_f1_0408.npz,Hybrid\nEuc.+HARD,hybrid,0.14323222247185186,0.29664929769933224,8,8
PDhRwjqN83U_0_s2_f2_0409.npz,Hybrid\nEuc.+HARD,hybrid,0.1583014013511794,0.1293905366744314,21,21
PDhRwjqN83U_0_s2_f3_0410.npz,Hybrid\nEuc.+HARD,hybrid,0.09775642238350378,0.3093612699045075,9,9
PDhRwjqN83U_0_s2_f4_0411.npz,Hybrid\nEuc.+HARD,hybrid,0.10972965424880385,0.2760112553834915,10,10
QYvhdbgEJPM_0_s0_f2_0445.npz,Hybrid\nEuc.+HARD,hybrid,0.2447158843278885,1.1721071600914001,2,2
QYvhdbgEJPM_0_s0_f4_0446.npz,Hybrid\nEuc.+HARD,hybrid,0.47700875997543335,1.7289631962776184,2,2
QYvhdbgEJPM_0_s1_f0_0447.npz,Hybrid\nEuc.+HARD,hybrid,0.20762538015842438,0.480384087562561,5,5
QYvhdbgEJPM_0_s1_f1_0448.npz,Hybrid\nEuc.+HARD,hybrid,0.1481637880206108,0.8415723244349161,3,3
QYvhdbgEJPM_0_s1_f2_0449.npz,Hybrid\nEuc.+HARD,hybrid,0.09360828312734763,0.3268588036298752,6,6
QYvhdbgEJPM_0_s1_f3_0450.npz,Hybrid\nEuc.+HARD,hybrid,0.08018739148974419,1.5130706429481506,2,2
QYvhdbgEJPM_0_s1_f4_0451.npz,Hybrid\nEuc.+HARD,hybrid,0.13005270808935165,0.9875575304031372,2,2
QYvhdbgEJPM_0_s2_f0_0452.npz,Hybrid\nEuc.+HARD,hybrid,0.09344722460955382,0.35023807287216185,10,10
QYvhdbgEJPM_0_s2_f1_0453.npz,Hybrid\nEuc.+HARD,hybrid,0.1020484825130552,1.0094026178121567,2,2
QYvhdbgEJPM_0_s2_f2_0454.npz,Hybrid\nEuc.+HARD,hybrid,0.08943799261136778,0.08751652057149581,28,28
QYvhdbgEJPM_0_s2_f3_0455.npz,Hybrid\nEuc.+HARD,hybrid,0.10384018975310028,0.5952391475439072,4,4
QYvhdbgEJPM_0_s2_f4_0456.npz,Hybrid\nEuc.+HARD,hybrid,0.13535163764442718,0.43836326258523123,7,7
SWLG_3suH7w_0_s0_f2_0497.npz,Hybrid\nEuc.+HARD,hybrid,0.4156602919101715,3.7953600883483887,1,1
SWLG_3suH7w_0_s0_f4_0498.npz,Hybrid\nEuc.+HARD,hybrid,0.6199410557746887,2.71264910697937,1,1
SWLG_3suH7w_0_s1_f0_0499.npz,Hybrid\nEuc.+HARD,hybrid,0.13464587291236968,0.46698362529277804,5,5
SWLG_3suH7w_0_s1_f2_0500.npz,Hybrid\nEuc.+HARD,hybrid,0.3736923237641652,0.7679099837938944,3,3
SWLG_3suH7w_0_s1_f3_0501.npz,Hybrid\nEuc.+HARD,hybrid,0.06552687287330627,3.477431535720825,1,1
SWLG_3suH7w_0_s1_f4_0502.npz,Hybrid\nEuc.+HARD,hybrid,0.03696092963218689,1.9503469467163086,1,1
SWLG_3suH7w_0_s2_f0_0503.npz,Hybrid\nEuc.+HARD,hybrid,0.1096729440925022,0.09181838221848011,30,30
SWLG_3suH7w_0_s2_f1_0504.npz,Hybrid\nEuc.+HARD,hybrid,0.05855300029118856,0.5527504583199819,6,6
SWLG_3suH7w_0_s2_f2_0505.npz,Hybrid\nEuc.+HARD,hybrid,0.06538257049396634,0.4921902157366276,8,8
SWLG_3suH7w_0_s2_f3_0506.npz,Hybrid\nEuc.+HARD,hybrid,0.02765560879682501,0.5476580013831457,6,6
SWLG_3suH7w_0_s2_f4_0507.npz,Hybrid\nEuc.+HARD,hybrid,0.13693251134827733,0.4181036427617073,8,8
TeLISCmZ_w4_4_s0_f0_0508.npz,Hybrid\nEuc.+HARD,hybrid,0.5946972966194153,2.686161994934082,1,1
TeLISCmZ_w4_4_s0_f1_0509.npz,Hybrid\nEuc.+HARD,hybrid,0.48577597737312317,2.4028055667877197,1,1
TeLISCmZ_w4_4_s1_f0_0510.npz,Hybrid\nEuc.+HARD,hybrid,0.08697081357240677,2.2992916107177734,1,1
TeLISCmZ_w4_4_s1_f1_0511.npz,Hybrid\nEuc.+HARD,hybrid,0.08086059118310611,0.9271766344706217,3,3
TeLISCmZ_w4_4_s1_f3_0512.npz,Hybrid\nEuc.+HARD,hybrid,0.18438728898763657,1.3658735752105713,2,2
TeLISCmZ_w4_4_s1_f4_0513.npz,Hybrid\nEuc.+HARD,hybrid,0.10063627362251282,2.6263980865478516,1,1
TeLISCmZ_w4_4_s2_f0_0514.npz,Hybrid\nEuc.+HARD,hybrid,0.05244548246264458,3.396453857421875,1,1
TeLISCmZ_w4_4_s2_f1_0515.npz,Hybrid\nEuc.+HARD,hybrid,0.1179994598031044,0.6407934188842773,5,5
TeLISCmZ_w4_4_s2_f2_0516.npz,Hybrid\nEuc.+HARD,hybrid,0.06648268869944982,0.5275085738727024,7,7
TeLISCmZ_w4_4_s2_f3_0517.npz,Hybrid\nEuc.+HARD,hybrid,0.09020006904999416,0.5677508314450582,6,6
TeLISCmZ_w4_4_s2_f4_0518.npz,Hybrid\nEuc.+HARD,hybrid,0.05577014203564348,0.1453191933476112,22,22
UsTf7brftGg_0_s0_f3_0544.npz,Hybrid\nEuc.+HARD,hybrid,0.1445312350988388,2.203705132007599,2,2
UsTf7brftGg_0_s0_f4_0545.npz,Hybrid\nEuc.+HARD,hybrid,0.16009855270385742,4.078527927398682,1,1
UsTf7brftGg_0_s1_f0_0546.npz,Hybrid\nEuc.+HARD,hybrid,0.052764949285321765,0.30694031053119236,9,9
UsTf7brftGg_0_s1_f1_0547.npz,Hybrid\nEuc.+HARD,hybrid,0.033427180256694555,0.8675101598103842,3,3
UsTf7brftGg_0_s1_f2_0548.npz,Hybrid\nEuc.+HARD,hybrid,0.06576113558063905,0.3560039798418681,6,6
UsTf7brftGg_0_s1_f3_0549.npz,Hybrid\nEuc.+HARD,hybrid,0.14997440576553345,2.4699766635894775,1,1
UsTf7brftGg_0_s1_f4_0550.npz,Hybrid\nEuc.+HARD,hybrid,0.07884357497096062,1.0462564826011658,2,2
UsTf7brftGg_0_s2_f0_0551.npz,Hybrid\nEuc.+HARD,hybrid,0.12162047997117043,0.14196377678921349,19,19
UsTf7brftGg_0_s2_f1_0552.npz,Hybrid\nEuc.+HARD,hybrid,0.1100597841044267,0.21355427304903665,12,12
UsTf7brftGg_0_s2_f2_0553.npz,Hybrid\nEuc.+HARD,hybrid,0.058571436571785145,0.14885792798466152,18,18
UsTf7brftGg_0_s2_f3_0554.npz,Hybrid\nEuc.+HARD,hybrid,0.15597942471504211,0.47712030581065584,7,7
UsTf7brftGg_0_s2_f4_0555.npz,Hybrid\nEuc.+HARD,hybrid,0.10482206661254168,0.5822530686855316,6,6
UtBQrBLsTQY_3_s0_f0_0556.npz,Hybrid\nEuc.+HARD,hybrid,0.25212377309799194,2.29280686378479,1,1
UtBQrBLsTQY_3_s0_f3_0557.npz,Hybrid\nEuc.+HARD,hybrid,0.23327398300170898,1.9928919076919556,1,1
UtBQrBLsTQY_3_s0_f4_0558.npz,Hybrid\nEuc.+HARD,hybrid,0.1564946323633194,2.051528215408325,1,1
UtBQrBLsTQY_3_s1_f0_0559.npz,Hybrid\nEuc.+HARD,hybrid,0.030049577355384827,2.5101428031921387,1,1
UtBQrBLsTQY_3_s1_f1_0560.npz,Hybrid\nEuc.+HARD,hybrid,0.11825663348038991,0.8833214640617371,3,3
UtBQrBLsTQY_3_s1_f2_0561.npz,Hybrid\nEuc.+HARD,hybrid,0.2003748313485024,0.34779005125164986,6,6
UtBQrBLsTQY_3_s1_f3_0562.npz,Hybrid\nEuc.+HARD,hybrid,0.05496526602655649,0.6983534097671509,3,3
UtBQrBLsTQY_3_s1_f4_0563.npz,Hybrid\nEuc.+HARD,hybrid,0.10476712137460709,0.8147122065226237,3,3
UtBQrBLsTQY_3_s2_f0_0564.npz,Hybrid\nEuc.+HARD,hybrid,0.10313748408641134,0.20310061957154954,14,14
UtBQrBLsTQY_3_s2_f1_0565.npz,Hybrid\nEuc.+HARD,hybrid,0.08412030006487232,0.21468122024089098,12,12
UtBQrBLsTQY_3_s2_f2_0566.npz,Hybrid\nEuc.+HARD,hybrid,0.13785928029280442,0.2000888677743765,13,13
UtBQrBLsTQY_3_s2_f3_0567.npz,Hybrid\nEuc.+HARD,hybrid,0.08246748687492476,0.34258461826377445,9,9
UtBQrBLsTQY_3_s2_f4_0568.npz,Hybrid\nEuc.+HARD,hybrid,0.08267048669650275,0.17792575937860153,17,17
V9JdDs7RK3c_1_s0_f2_0569.npz,Hybrid\nEuc.+HARD,hybrid,0.12187657691538334,1.3649147152900696,2,2
V9JdDs7RK3c_1_s0_f3_0570.npz,Hybrid\nEuc.+HARD,hybrid,0.19660022854804993,1.8802523612976074,1,1
V9JdDs7RK3c_1_s0_f4_0571.npz,Hybrid\nEuc.+HARD,hybrid,0.4307820796966553,2.862053871154785,1,1
V9JdDs7RK3c_1_s1_f0_0572.npz,Hybrid\nEuc.+HARD,hybrid,0.17774111591279507,0.2999189216643572,8,8
V9JdDs7RK3c_1_s1_f1_0573.npz,Hybrid\nEuc.+HARD,hybrid,0.07418147101998329,1.3866384029388428,2,2
V9JdDs7RK3c_1_s1_f2_0574.npz,Hybrid\nEuc.+HARD,hybrid,0.07157321593591146,0.4397390271936144,7,7
V9JdDs7RK3c_1_s1_f3_0575.npz,Hybrid\nEuc.+HARD,hybrid,0.12803984666243196,0.25318796104855007,9,9
V9JdDs7RK3c_1_s1_f4_0576.npz,Hybrid\nEuc.+HARD,hybrid,0.10807584971189499,1.1533950567245483,2,2
V9JdDs7RK3c_1_s2_f0_0577.npz,Hybrid\nEuc.+HARD,hybrid,0.0890879400772974,0.07330116904340685,40,40
V9JdDs7RK3c_1_s2_f1_0578.npz,Hybrid\nEuc.+HARD,hybrid,0.05168541125021875,1.09202641248703,4,4
V9JdDs7RK3c_1_s2_f2_0579.npz,Hybrid\nEuc.+HARD,hybrid,0.07860328823229984,0.1923944146225327,19,19
V9JdDs7RK3c_1_s2_f3_0580.npz,Hybrid\nEuc.+HARD,hybrid,0.08488360109428565,0.2144763896862666,15,15
V9JdDs7RK3c_1_s2_f4_0581.npz,Hybrid\nEuc.+HARD,hybrid,0.14549773118712686,0.3089373206550425,11,11
Vwdib3HWRBI_0_s0_f0_0582.npz,Hybrid\nEuc.+HARD,hybrid,0.08542148768901825,4.893187046051025,1,1
Vwdib3HWRBI_0_s0_f1_0583.npz,Hybrid\nEuc.+HARD,hybrid,0.10609909892082214,3.399313449859619,1,1
Vwdib3HWRBI_0_s0_f2_0584.npz,Hybrid\nEuc.+HARD,hybrid,0.3549618422985077,0.9708055456479391,3,3
Vwdib3HWRBI_0_s0_f3_0585.npz,Hybrid\nEuc.+HARD,hybrid,0.3000672558943431,0.8480425278345743,3,3
Vwdib3HWRBI_0_s1_f0_0586.npz,Hybrid\nEuc.+HARD,hybrid,0.17005224525928497,2.2742550373077393,1,1
Vwdib3HWRBI_0_s1_f1_0587.npz,Hybrid\nEuc.+HARD,hybrid,0.043243003698686756,0.9265878597895304,3,3
Vwdib3HWRBI_0_s1_f2_0588.npz,Hybrid\nEuc.+HARD,hybrid,0.23037566244602203,0.9059101541837057,3,3
Vwdib3HWRBI_0_s1_f3_0589.npz,Hybrid\nEuc.+HARD,hybrid,0.15243473835289478,1.3948216140270233,2,2
Vwdib3HWRBI_0_s1_f4_0590.npz,Hybrid\nEuc.+HARD,hybrid,0.08979777991771698,1.3584783673286438,2,2
Vwdib3HWRBI_0_s2_f0_0591.npz,Hybrid\nEuc.+HARD,hybrid,0.09410743040710011,0.24859433621168137,11,11
Vwdib3HWRBI_0_s2_f1_0592.npz,Hybrid\nEuc.+HARD,hybrid,0.07809379991764824,0.16598845255516825,21,21
Vwdib3HWRBI_0_s2_f2_0593.npz,Hybrid\nEuc.+HARD,hybrid,0.04558270762208849,0.6408849041908979,4,4
Vwdib3HWRBI_0_s2_f3_0594.npz,Hybrid\nEuc.+HARD,hybrid,0.08832705145468936,0.15849889107048512,20,20
Vwdib3HWRBI_0_s2_f4_0595.npz,Hybrid\nEuc.+HARD,hybrid,0.19982585459947586,0.6103101968765259,5,5
WjyvwX_nZ6Y_0_s0_f3_0596.npz,Hybrid\nEuc.+HARD,hybrid,0.38946405053138733,3.2641043663024902,1,1
WjyvwX_nZ6Y_0_s1_f0_0597.npz,Hybrid\nEuc.+HARD,hybrid,0.3750453591346741,2.149371862411499,1,1
WjyvwX_nZ6Y_0_s1_f1_0598.npz,Hybrid\nEuc.+HARD,hybrid,0.1923186294734478,0.6448174268007278,4,4
WjyvwX_nZ6Y_0_s1_f2_0599.npz,Hybrid\nEuc.+HARD,hybrid,0.10102791960040729,0.5295700579881668,6,6
WjyvwX_nZ6Y_0_s1_f3_0600.npz,Hybrid\nEuc.+HARD,hybrid,0.16345574458440146,0.8081782658894857,3,3
WjyvwX_nZ6Y_0_s1_f4_0601.npz,Hybrid\nEuc.+HARD,hybrid,0.16620462983846665,0.4538410186767578,5,5
WjyvwX_nZ6Y_0_s2_f0_0602.npz,Hybrid\nEuc.+HARD,hybrid,0.1293545979540795,0.32826531678438187,10,10
WjyvwX_nZ6Y_0_s2_f1_0603.npz,Hybrid\nEuc.+HARD,hybrid,0.08499103329247898,0.22514094081189898,18,18
WjyvwX_nZ6Y_0_s2_f2_0604.npz,Hybrid\nEuc.+HARD,hybrid,0.12560672783537916,0.1775675329722856,19,19
WjyvwX_nZ6Y_0_s2_f3_0605.npz,Hybrid\nEuc.+HARD,hybrid,0.08091168375852119,0.24952279457024165,14,14
WjyvwX_nZ6Y_0_s2_f4_0606.npz,Hybrid\nEuc.+HARD,hybrid,0.11213482807700832,0.2831691615283489,12,12
YYbShzoZWRo_16_s0_f1_0659.npz,Hybrid\nEuc.+HARD,hybrid,0.31374430656433105,3.2372612953186035,1,1
YYbShzoZWRo_16_s0_f3_0660.npz,Hybrid\nEuc.+HARD,hybrid,0.18968142569065094,3.1052420139312744,1,1
YYbShzoZWRo_16_s1_f0_0661.npz,Hybrid\nEuc.+HARD,hybrid,0.156668188671271,0.3867676531275113,6,6
YYbShzoZWRo_16_s1_f1_0662.npz,Hybrid\nEuc.+HARD,hybrid,0.11114093009382486,0.4833342482646306,6,6
YYbShzoZWRo_16_s1_f2_0663.npz,Hybrid\nEuc.+HARD,hybrid,0.06393175137539704,1.0669552286465962,3,3
YYbShzoZWRo_16_s1_f3_0664.npz,Hybrid\nEuc.+HARD,hybrid,0.11628497717902064,1.1324456334114075,3,3
YYbShzoZWRo_16_s1_f4_0665.npz,Hybrid\nEuc.+HARD,hybrid,0.12105302885174751,0.8324029594659805,4,4
YYbShzoZWRo_16_s2_f0_0666.npz,Hybrid\nEuc.+HARD,hybrid,0.1364061849621626,0.2618120008936295,13,13
YYbShzoZWRo_16_s2_f1_0667.npz,Hybrid\nEuc.+HARD,hybrid,0.12195459955061476,0.3100166867176692,12,12
YYbShzoZWRo_16_s2_f2_0668.npz,Hybrid\nEuc.+HARD,hybrid,0.16746830370496302,0.1956564363311319,17,17
YYbShzoZWRo_16_s2_f3_0669.npz,Hybrid\nEuc.+HARD,hybrid,0.1811752858070227,0.2697111379641753,13,13
YYbShzoZWRo_16_s2_f4_0670.npz,Hybrid\nEuc.+HARD,hybrid,0.2096172899007797,0.1476573231816292,25,25
YYbShzoZWRo_25_s0_f3_0671.npz,Hybrid\nEuc.+HARD,hybrid,0.3385814130306244,3.935206651687622,1,1
YYbShzoZWRo_25_s0_f4_0672.npz,Hybrid\nEuc.+HARD,hybrid,0.09395173005759716,2.174307942390442,2,2
YYbShzoZWRo_25_s1_f0_0673.npz,Hybrid\nEuc.+HARD,hybrid,0.16209403425455093,0.6037726700305939,4,4
YYbShzoZWRo_25_s1_f1_0674.npz,Hybrid\nEuc.+HARD,hybrid,0.13262157700955868,1.007950410246849,4,4
YYbShzoZWRo_25_s1_f2_0675.npz,Hybrid\nEuc.+HARD,hybrid,0.20038940012454987,1.0109859307607014,3,3
YYbShzoZWRo_25_s1_f3_0676.npz,Hybrid\nEuc.+HARD,hybrid,0.21980112046003342,0.5819684490561485,4,4
YYbShzoZWRo_25_s1_f4_0677.npz,Hybrid\nEuc.+HARD,hybrid,0.26324713230133057,3.3728768825531006,1,1
YYbShzoZWRo_25_s2_f0_0678.npz,Hybrid\nEuc.+HARD,hybrid,0.10242235577768749,0.470165878534317,9,9
YYbShzoZWRo_25_s2_f1_0679.npz,Hybrid\nEuc.+HARD,hybrid,0.15062967474971498,0.5045956820249557,7,7
YYbShzoZWRo_25_s2_f2_0680.npz,Hybrid\nEuc.+HARD,hybrid,0.13686153773839274,0.2923785050710042,12,12
YYbShzoZWRo_25_s2_f3_0681.npz,Hybrid\nEuc.+HARD,hybrid,0.11665623883406322,0.2826187734802564,12,12
YYbShzoZWRo_25_s2_f4_0682.npz,Hybrid\nEuc.+HARD,hybrid,0.09915226232260466,0.47551852464675903,8,8
YYbShzoZWRo_26_s0_f0_0683.npz,Hybrid\nEuc.+HARD,hybrid,0.31488272547721863,1.338847557703654,3,3
YYbShzoZWRo_26_s0_f3_0684.npz,Hybrid\nEuc.+HARD,hybrid,0.15237250924110413,2.937175989151001,2,2
YYbShzoZWRo_26_s0_f4_0685.npz,Hybrid\nEuc.+HARD,hybrid,0.15937087684869766,2.4155110716819763,2,2
YYbShzoZWRo_26_s1_f0_0686.npz,Hybrid\nEuc.+HARD,hybrid,0.09377547353506088,1.0129608909289043,3,3
YYbShzoZWRo_26_s1_f3_0687.npz,Hybrid\nEuc.+HARD,hybrid,0.05381336808204651,3.3658764362335205,1,1
YYbShzoZWRo_26_s1_f4_0688.npz,Hybrid\nEuc.+HARD,hybrid,0.1439347041770816,0.27188500165939333,10,10
YYbShzoZWRo_26_s2_f0_0689.npz,Hybrid\nEuc.+HARD,hybrid,0.09947801402515986,0.2921255854043094,11,11
YYbShzoZWRo_26_s2_f3_0690.npz,Hybrid\nEuc.+HARD,hybrid,0.06089536412036978,0.24296177830547094,16,16
YYbShzoZWRo_26_s2_f4_0691.npz,Hybrid\nEuc.+HARD,hybrid,0.07231272029905365,0.28653840720653534,13,13
YYbShzoZWRo_3_s0_f0_0692.npz,Hybrid\nEuc.+HARD,hybrid,0.10818038880825043,4.984945774078369,1,1
YYbShzoZWRo_3_s0_f4_0693.npz,Hybrid\nEuc.+HARD,hybrid,0.24688099324703217,3.527617931365967,1,1
YYbShzoZWRo_3_s1_f0_0694.npz,Hybrid\nEuc.+HARD,hybrid,0.17866411991417408,0.7838649749755859,4,4
YYbShzoZWRo_3_s1_f1_0695.npz,Hybrid\nEuc.+HARD,hybrid,0.2843490466475487,0.6549265533685684,4,4
YYbShzoZWRo_3_s1_f4_0696.npz,Hybrid\nEuc.+HARD,hybrid,0.26377357573558885,0.49096475044886273,6,6
YYbShzoZWRo_3_s2_f0_0697.npz,Hybrid\nEuc.+HARD,hybrid,0.1251833640038967,0.2120500236749649,15,15
YYbShzoZWRo_3_s2_f1_0698.npz,Hybrid\nEuc.+HARD,hybrid,0.020989190437830985,0.9895686209201813,4,4
YYbShzoZWRo_3_s2_f4_0699.npz,Hybrid\nEuc.+HARD,hybrid,0.09041056785887729,0.2818310248355071,12,12
ZedzGfGN1tk_1_s0_f0_0700.npz,Hybrid\nEuc.+HARD,hybrid,0.042207613587379456,4.829998970031738,1,1
ZedzGfGN1tk_1_s0_f2_0701.npz,Hybrid\nEuc.+HARD,hybrid,0.03572448343038559,4.652961730957031,1,1
ZedzGfGN1tk_1_s0_f3_0702.npz,Hybrid\nEuc.+HARD,hybrid,0.18310785293579102,4.093419075012207,1,1
ZedzGfGN1tk_1_s1_f0_0703.npz,Hybrid\nEuc.+HARD,hybrid,0.16958573460578918,1.722694754600525,1,1
ZedzGfGN1tk_1_s1_f1_0704.npz,Hybrid\nEuc.+HARD,hybrid,0.26818057894706726,0.7017041246096293,3,3
ZedzGfGN1tk_1_s1_f2_0705.npz,Hybrid\nEuc.+HARD,hybrid,0.2935152053833008,2.443678617477417,1,1
ZedzGfGN1tk_1_s1_f4_0706.npz,Hybrid\nEuc.+HARD,hybrid,0.3338831216096878,0.9104507863521576,2,2
ZedzGfGN1tk_1_s2_f0_0707.npz,Hybrid\nEuc.+HARD,hybrid,0.13428035154938697,0.16887473165988923,20,20
ZedzGfGN1tk_1_s2_f1_0708.npz,Hybrid\nEuc.+HARD,hybrid,0.07023013018382092,0.17608569210602176,18,18
ZedzGfGN1tk_1_s2_f2_0709.npz,Hybrid\nEuc.+HARD,hybrid,0.1600205530722936,0.20790980358918507,15,15
ZedzGfGN1tk_1_s2_f3_0710.npz,Hybrid\nEuc.+HARD,hybrid,0.15514733104242218,0.16256015416648653,18,18
ZedzGfGN1tk_1_s2_f4_0711.npz,Hybrid\nEuc.+HARD,hybrid,0.1317268580198288,0.16136371195316315,20,20
_fvpYLXtQHQ_1_s0_f3_0000.npz,Hybrid\nEuc.+HARD,hybrid,0.6908569037914276,1.351725161075592,2,2
_fvpYLXtQHQ_1_s0_f4_0001.npz,Hybrid\nEuc.+HARD,hybrid,0.46133142709732056,2.783015489578247,1,1
_fvpYLXtQHQ_1_s1_f0_0002.npz,Hybrid\nEuc.+HARD,hybrid,0.412612646818161,1.1195420026779175,2,2
_fvpYLXtQHQ_1_s1_f1_0003.npz,Hybrid\nEuc.+HARD,hybrid,0.19874656200408936,1.3368580341339111,2,2
_fvpYLXtQHQ_1_s1_f2_0004.npz,Hybrid\nEuc.+HARD,hybrid,0.2408432769589126,0.6296022832393646,4,4
_fvpYLXtQHQ_1_s1_f3_0005.npz,Hybrid\nEuc.+HARD,hybrid,0.06454217399004847,0.47781586833298206,4,4
_fvpYLXtQHQ_1_s1_f4_0006.npz,Hybrid\nEuc.+HARD,hybrid,0.1097826436161995,0.44817928075790403,5,5
_fvpYLXtQHQ_1_s2_f0_0007.npz,Hybrid\nEuc.+HARD,hybrid,0.2317948324812783,0.35505999128023785,9,9
_fvpYLXtQHQ_1_s2_f1_0008.npz,Hybrid\nEuc.+HARD,hybrid,0.18196281577859605,0.4548118625368391,7,7
_fvpYLXtQHQ_1_s2_f2_0009.npz,Hybrid\nEuc.+HARD,hybrid,0.13290401237706342,0.4768144836028417,6,6
_fvpYLXtQHQ_1_s2_f3_0010.npz,Hybrid\nEuc.+HARD,hybrid,0.1425614058971405,0.2520818089445432,12,12
_fvpYLXtQHQ_1_s2_f4_0011.npz,Hybrid\nEuc.+HARD,hybrid,0.13460688312586985,0.12333536657847856,19,19
bhDqxWQUIXg_1_s0_f0_0110.npz,Hybrid\nEuc.+HARD,hybrid,0.16195282340049744,2.7913832664489746,1,1
bhDqxWQUIXg_1_s0_f2_0111.npz,Hybrid\nEuc.+HARD,hybrid,0.3461441099643707,3.481842517852783,1,1
bhDqxWQUIXg_1_s0_f4_0112.npz,Hybrid\nEuc.+HARD,hybrid,0.34593310952186584,2.155007481575012,2,2
bhDqxWQUIXg_1_s1_f0_0113.npz,Hybrid\nEuc.+HARD,hybrid,0.1289078245560328,1.1330854098002117,3,3
bhDqxWQUIXg_1_s1_f1_0114.npz,Hybrid\nEuc.+HARD,hybrid,0.14828496923049292,1.0723411242167156,3,3
bhDqxWQUIXg_1_s1_f2_0115.npz,Hybrid\nEuc.+HARD,hybrid,0.1260889619588852,1.7496899962425232,2,2
bhDqxWQUIXg_1_s1_f3_0116.npz,Hybrid\nEuc.+HARD,hybrid,0.09028271120041609,0.8006241023540497,4,4
bhDqxWQUIXg_1_s1_f4_0117.npz,Hybrid\nEuc.+HARD,hybrid,0.07682445272803307,1.994453489780426,2,2
bhDqxWQUIXg_1_s2_f0_0118.npz,Hybrid\nEuc.+HARD,hybrid,0.25382912407318753,0.5528256992499033,6,6
bhDqxWQUIXg_1_s2_f1_0119.npz,Hybrid\nEuc.+HARD,hybrid,0.23424844443798065,1.6713650822639465,2,2
bhDqxWQUIXg_1_s2_f2_0120.npz,Hybrid\nEuc.+HARD,hybrid,0.24365636110305786,0.7370304226875305,5,5
bhDqxWQUIXg_1_s2_f3_0121.npz,Hybrid\nEuc.+HARD,hybrid,0.3068276643753052,4.348479747772217,1,1
bhDqxWQUIXg_1_s2_f4_0122.npz,Hybrid\nEuc.+HARD,hybrid,0.2562777151664098,1.0931957364082336,3,3
emLStHiqfyo_2_s1_f0_0186.npz,Hybrid\nEuc.+HARD,hybrid,0.05701165646314621,0.9832488894462585,2,2
emLStHiqfyo_2_s1_f1_0187.npz,Hybrid\nEuc.+HARD,hybrid,0.3248138129711151,0.7581236362457275,3,3
emLStHiqfyo_2_s1_f2_0188.npz,Hybrid\nEuc.+HARD,hybrid,0.427192360162735,1.0599737167358398,2,2
emLStHiqfyo_2_s1_f3_0189.npz,Hybrid\nEuc.+HARD,hybrid,0.34738045930862427,2.189987897872925,1,1
emLStHiqfyo_2_s1_f4_0190.npz,Hybrid\nEuc.+HARD,hybrid,0.1717792289952437,0.7759668628374735,3,3
emLStHiqfyo_2_s2_f0_0191.npz,Hybrid\nEuc.+HARD,hybrid,0.06189063485138691,0.24688957746212298,13,13
emLStHiqfyo_2_s2_f1_0192.npz,Hybrid\nEuc.+HARD,hybrid,0.16302406014158174,0.21999305601303393,13,13
emLStHiqfyo_2_s2_f2_0193.npz,Hybrid\nEuc.+HARD,hybrid,0.11328639113344252,0.3943787757307291,8,8
emLStHiqfyo_2_s2_f3_0194.npz,Hybrid\nEuc.+HARD,hybrid,0.14151082986167499,0.22353002801537514,14,14
emLStHiqfyo_2_s2_f4_0195.npz,Hybrid\nEuc.+HARD,hybrid,0.1145437519465174,0.48074578387396677,7,7
gmVP1bAB_Jk_3_s0_f0_0248.npz,Hybrid\nEuc.+HARD,hybrid,0.13541893661022186,4.52030611038208,1,1
gmVP1bAB_Jk_3_s0_f1_0249.npz,Hybrid\nEuc.+HARD,hybrid,0.4247658848762512,2.919248580932617,1,1
gmVP1bAB_Jk_3_s0_f2_0250.npz,Hybrid\nEuc.+HARD,hybrid,0.33994713574647906,0.5759334862232208,5,5
gmVP1bAB_Jk_3_s1_f0_0251.npz,Hybrid\nEuc.+HARD,hybrid,0.28066693743069965,0.766688068707784,3,3
gmVP1bAB_Jk_3_s1_f1_0252.npz,Hybrid\nEuc.+HARD,hybrid,0.10078510145346324,0.909135619799296,3,3
gmVP1bAB_Jk_3_s1_f2_0253.npz,Hybrid\nEuc.+HARD,hybrid,0.06357683427631855,1.1269452273845673,2,2
gmVP1bAB_Jk_3_s2_f0_0254.npz,Hybrid\nEuc.+HARD,hybrid,0.11264637087782224,0.2158954620361328,15,15
gmVP1bAB_Jk_3_s2_f1_0255.npz,Hybrid\nEuc.+HARD,hybrid,0.04501806401337186,0.3059316823879878,12,12
gmVP1bAB_Jk_3_s2_f2_0256.npz,Hybrid\nEuc.+HARD,hybrid,0.09839662886224687,0.24104916055997214,12,12
gsAoNfN9Pvk_2_s0_f0_0257.npz,Hybrid\nEuc.+HARD,hybrid,0.4402678608894348,4.025068759918213,1,1
gsAoNfN9Pvk_2_s0_f1_0258.npz,Hybrid\nEuc.+HARD,hybrid,0.43125680088996887,3.8011035919189453,1,1
gsAoNfN9Pvk_2_s1_f0_0259.npz,Hybrid\nEuc.+HARD,hybrid,0.11962125698725383,0.7420789202054342,3,3
gsAoNfN9Pvk_2_s1_f1_0260.npz,Hybrid\nEuc.+HARD,hybrid,0.12370099127292633,2.0218536853790283,1,1
gsAoNfN9Pvk_2_s1_f2_0261.npz,Hybrid\nEuc.+HARD,hybrid,0.030306294560432434,1.6391136646270752,1,1
gsAoNfN9Pvk_2_s1_f3_0262.npz,Hybrid\nEuc.+HARD,hybrid,0.08179211616516113,2.552966594696045,1,1
gsAoNfN9Pvk_2_s1_f4_0263.npz,Hybrid\nEuc.+HARD,hybrid,0.1543890368193388,0.48722225427627563,4,4
gsAoNfN9Pvk_2_s2_f0_0264.npz,Hybrid\nEuc.+HARD,hybrid,0.12018062812276184,0.31313655227422715,10,10
gsAoNfN9Pvk_2_s2_f1_0265.npz,Hybrid\nEuc.+HARD,hybrid,0.27442115545272827,2.7820489406585693,1,1
gsAoNfN9Pvk_2_s2_f2_0266.npz,Hybrid\nEuc.+HARD,hybrid,0.08154451264999807,0.4052840992808342,8,8
gsAoNfN9Pvk_2_s2_f3_0267.npz,Hybrid\nEuc.+HARD,hybrid,0.13973877796282372,0.3443412979443868,9,9
gsAoNfN9Pvk_2_s2_f4_0268.npz,Hybrid\nEuc.+HARD,hybrid,0.13077274220995605,0.19165951013565063,16,16
kgw1OadfJWA_s0_f2_0303.npz,Hybrid\nEuc.+HARD,hybrid,0.19566570967435837,1.380885362625122,2,2
kgw1OadfJWA_s1_f0_0304.npz,Hybrid\nEuc.+HARD,hybrid,0.07178946137428284,0.4499611794948578,5,5
kgw1OadfJWA_s1_f2_0305.npz,Hybrid\nEuc.+HARD,hybrid,0.1102470476180315,0.6603091210126877,4,4
kgw1OadfJWA_s2_f0_0306.npz,Hybrid\nEuc.+HARD,hybrid,0.08100626622326672,0.10578055344522,25,25
kgw1OadfJWA_s2_f2_0307.npz,Hybrid\nEuc.+HARD,hybrid,0.084036333161886,0.08311381111993935,33,33
ljq0lCGKapY_0_s0_f0_0308.npz,Hybrid\nEuc.+HARD,hybrid,0.2704205811023712,4.1537089347839355,1,1
ljq0lCGKapY_0_s1_f3_0309.npz,Hybrid\nEuc.+HARD,hybrid,0.18814270198345184,1.3210874199867249,2,2
ljq0lCGKapY_0_s2_f0_0310.npz,Hybrid\nEuc.+HARD,hybrid,0.1626080572605133,2.483217239379883,1,1
ljq0lCGKapY_0_s2_f2_0311.npz,Hybrid\nEuc.+HARD,hybrid,0.14639443159103394,3.51611328125,1,1
ljq0lCGKapY_0_s2_f3_0312.npz,Hybrid\nEuc.+HARD,hybrid,0.23531736433506012,1.5426032543182373,2,2
ljq0lCGKapY_0_s2_f4_0313.npz,Hybrid\nEuc.+HARD,hybrid,0.25363583283291924,0.3211585134267807,9,9
nnuN-Zt60TM_0_s0_f1_0314.npz,Hybrid\nEuc.+HARD,hybrid,0.33367195427417756,0.5721545338630676,5,5
nnuN-Zt60TM_0_s0_f2_0315.npz,Hybrid\nEuc.+HARD,hybrid,0.00493228156119585,0.760979175567627,1,1
nnuN-Zt60TM_0_s0_f4_0316.npz,Hybrid\nEuc.+HARD,hybrid,0.34098296612501144,0.6809920072555542,4,4
nnuN-Zt60TM_0_s1_f0_0317.npz,Hybrid\nEuc.+HARD,hybrid,0.31010133028030396,2.2097299098968506,1,1
nnuN-Zt60TM_0_s1_f1_0318.npz,Hybrid\nEuc.+HARD,hybrid,0.23176268488168716,1.062778353691101,2,2
nnuN-Zt60TM_0_s1_f2_0319.npz,Hybrid\nEuc.+HARD,hybrid,0.22612046636641026,0.3714154213666916,6,6
nnuN-Zt60TM_0_s1_f4_0320.npz,Hybrid\nEuc.+HARD,hybrid,0.13298134257396063,0.9308700164159139,3,3
nnuN-Zt60TM_0_s2_f0_0321.npz,Hybrid\nEuc.+HARD,hybrid,0.19032015341023603,0.21754240492979685,12,12
nnuN-Zt60TM_0_s2_f1_0322.npz,Hybrid\nEuc.+HARD,hybrid,0.10378612342633699,0.14729463269836024,19,19
nnuN-Zt60TM_0_s2_f2_0323.npz,Hybrid\nEuc.+HARD,hybrid,0.17220408531526724,0.14134610030386183,18,18
nnuN-Zt60TM_0_s2_f3_0324.npz,Hybrid\nEuc.+HARD,hybrid,0.15206085248953766,0.2850691576798757,9,9
nnuN-Zt60TM_0_s2_f4_0325.npz,Hybrid\nEuc.+HARD,hybrid,0.18159016635682848,0.26044060124291313,9,9
nnuN-Zt60TM_3_s0_f4_0326.npz,Hybrid\nEuc.+HARD,hybrid,0.23843327164649963,3.6030631065368652,1,1
nnuN-Zt60TM_3_s1_f2_0327.npz,Hybrid\nEuc.+HARD,hybrid,0.2556191384792328,2.18123459815979,1,1
nnuN-Zt60TM_3_s1_f4_0328.npz,Hybrid\nEuc.+HARD,hybrid,0.1342407464981079,2.3709003925323486,1,1
nnuN-Zt60TM_3_s2_f0_0329.npz,Hybrid\nEuc.+HARD,hybrid,0.2103128880262375,1.7282296419143677,2,2
nnuN-Zt60TM_3_s2_f1_0330.npz,Hybrid\nEuc.+HARD,hybrid,0.3840906620025635,1.2147257030010223,2,2
nnuN-Zt60TM_3_s2_f2_0331.npz,Hybrid\nEuc.+HARD,hybrid,0.23753371834754944,1.4080495834350586,2,2
nnuN-Zt60TM_3_s2_f3_0332.npz,Hybrid\nEuc.+HARD,hybrid,0.23440998420119286,1.772310495376587,2,2
nnuN-Zt60TM_3_s2_f4_0333.npz,Hybrid\nEuc.+HARD,hybrid,0.19935754723846913,0.7184069931507111,5,5
o1bZB4fKv2U_1_s0_f0_0334.npz,Hybrid\nEuc.+HARD,hybrid,0.38288962095975876,0.7286793291568756,4,4
o1bZB4fKv2U_1_s0_f1_0335.npz,Hybrid\nEuc.+HARD,hybrid,0.4684867262840271,3.1127922534942627,1,1
o1bZB4fKv2U_1_s0_f2_0336.npz,Hybrid\nEuc.+HARD,hybrid,0.2910449802875519,1.7903448343276978,1,1
o1bZB4fKv2U_1_s0_f3_0337.npz,Hybrid\nEuc.+HARD,hybrid,0.4449034631252289,2.3352713584899902,1,1
o1bZB4fKv2U_1_s0_f4_0338.npz,Hybrid\nEuc.+HARD,hybrid,0.13755983114242554,2.9537878036499023,1,1
o1bZB4fKv2U_1_s1_f0_0339.npz,Hybrid\nEuc.+HARD,hybrid,0.1384786106646061,1.331113874912262,2,2
o1bZB4fKv2U_1_s1_f1_0340.npz,Hybrid\nEuc.+HARD,hybrid,0.2863881587982178,2.1240639686584473,1,1
o1bZB4fKv2U_1_s1_f2_0341.npz,Hybrid\nEuc.+HARD,hybrid,0.14441132172942162,0.9148623943328857,2,2
o1bZB4fKv2U_1_s1_f3_0342.npz,Hybrid\nEuc.+HARD,hybrid,0.3514721393585205,1.2293196320533752,2,2
o1bZB4fKv2U_1_s1_f4_0343.npz,Hybrid\nEuc.+HARD,hybrid,0.11469310826875946,0.19020537490194495,11,11
o1bZB4fKv2U_1_s2_f0_0344.npz,Hybrid\nEuc.+HARD,hybrid,0.12744980305433273,1.6340137124061584,2,2
o1bZB4fKv2U_1_s2_f1_0345.npz,Hybrid\nEuc.+HARD,hybrid,0.130559829124452,0.13666528034145417,23,23
o1bZB4fKv2U_1_s2_f2_0346.npz,Hybrid\nEuc.+HARD,hybrid,0.15573688802358351,0.16205882751627973,19,19
o1bZB4fKv2U_1_s2_f3_0347.npz,Hybrid\nEuc.+HARD,hybrid,0.11103472113609314,0.13229134225327036,23,23
o1bZB4fKv2U_1_s2_f4_0348.npz,Hybrid\nEuc.+HARD,hybrid,0.09397558681666851,0.1105884129468065,26,26
pFLeIwERa8o_s0_f1_0412.npz,Hybrid\nEuc.+HARD,hybrid,0.2478332668542862,2.8143359422683716,2,2
pFLeIwERa8o_s1_f1_0413.npz,Hybrid\nEuc.+HARD,hybrid,0.26666827499866486,0.9041634798049927,2,2
pFLeIwERa8o_s1_f4_0414.npz,Hybrid\nEuc.+HARD,hybrid,0.10367029905319214,5.474924564361572,1,1
pFLeIwERa8o_s2_f1_0415.npz,Hybrid\nEuc.+HARD,hybrid,0.22928113283382523,0.20316058231724632,18,18
pFLeIwERa8o_s2_f4_0416.npz,Hybrid\nEuc.+HARD,hybrid,0.2621079261104266,0.8224621166785558,6,6
pxa8kn8h5ew_0_s0_f3_0417.npz,Hybrid\nEuc.+HARD,hybrid,0.1638053059577942,3.7782421112060547,1,1
pxa8kn8h5ew_0_s1_f0_0418.npz,Hybrid\nEuc.+HARD,hybrid,0.43756067752838135,2.1344289779663086,1,1
pxa8kn8h5ew_0_s1_f2_0419.npz,Hybrid\nEuc.+HARD,hybrid,0.20984861254692078,0.6666175127029419,4,4
pxa8kn8h5ew_0_s1_f3_0420.npz,Hybrid\nEuc.+HARD,hybrid,0.09197462536394596,1.1254616379737854,2,2
pxa8kn8h5ew_0_s1_f4_0421.npz,Hybrid\nEuc.+HARD,hybrid,0.10029037979741891,0.354808509349823,6,6
pxa8kn8h5ew_0_s2_f0_0422.npz,Hybrid\nEuc.+HARD,hybrid,0.1925710329087451,0.35852534882724285,8,8
pxa8kn8h5ew_0_s2_f1_0423.npz,Hybrid\nEuc.+HARD,hybrid,0.11021011660341173,0.30590704549103975,8,8
pxa8kn8h5ew_0_s2_f2_0424.npz,Hybrid\nEuc.+HARD,hybrid,0.1048442404717207,0.2590068742632866,10,10
pxa8kn8h5ew_0_s2_f3_0425.npz,Hybrid\nEuc.+HARD,hybrid,0.15177663260449967,0.232487420241038,12,12
pxa8kn8h5ew_0_s2_f4_0426.npz,Hybrid\nEuc.+HARD,hybrid,0.058359027703237885,0.164022043128224,17,17
q6Vwbg3SOSc_0_s0_f0_0427.npz,Hybrid\nEuc.+HARD,hybrid,0.4466799795627594,2.2175188064575195,1,1
q6Vwbg3SOSc_0_s0_f1_0428.npz,Hybrid\nEuc.+HARD,hybrid,0.3286091089248657,2.217569589614868,1,1
q6Vwbg3SOSc_0_s0_f2_0429.npz,Hybrid\nEuc.+HARD,hybrid,0.29937294125556946,4.240013122558594,1,1
q6Vwbg3SOSc_0_s0_f4_0430.npz,Hybrid\nEuc.+HARD,hybrid,0.3653019070625305,3.086710214614868,1,1
q6Vwbg3SOSc_0_s1_f0_0431.npz,Hybrid\nEuc.+HARD,hybrid,0.2257649451494217,2.462850332260132,1,1
q6Vwbg3SOSc_0_s1_f1_0432.npz,Hybrid\nEuc.+HARD,hybrid,0.07495356102784474,1.065547247727712,3,3
q6Vwbg3SOSc_0_s1_f3_0433.npz,Hybrid\nEuc.+HARD,hybrid,0.16095338839416704,0.7560897668202718,3,3
q6Vwbg3SOSc_0_s2_f0_0434.npz,Hybrid\nEuc.+HARD,hybrid,0.17977126687765121,1.0121473968029022,3,3
q6Vwbg3SOSc_0_s2_f1_0435.npz,Hybrid\nEuc.+HARD,hybrid,0.08186648557893932,0.13638117551803589,25,25
q6Vwbg3SOSc_0_s2_f2_0436.npz,Hybrid\nEuc.+HARD,hybrid,0.2062790053896606,0.7949934750795364,4,4
q6Vwbg3SOSc_0_s2_f3_0437.npz,Hybrid\nEuc.+HARD,hybrid,0.15950577333569527,1.83206444978714,2,2
q6Vwbg3SOSc_0_s2_f4_0438.npz,Hybrid\nEuc.+HARD,hybrid,0.29588918884595233,0.8656536738077799,3,3
qD-UEwVEDP0_0_s0_f1_0439.npz,Hybrid\nEuc.+HARD,hybrid,0.28115589916706085,1.528293788433075,2,2
qD-UEwVEDP0_0_s1_f1_0440.npz,Hybrid\nEuc.+HARD,hybrid,0.002929514739662409,2.3924198150634766,1,1
qD-UEwVEDP0_0_s1_f2_0441.npz,Hybrid\nEuc.+HARD,hybrid,0.2476532720029354,0.7021446228027344,4,4
qD-UEwVEDP0_0_s2_f1_0442.npz,Hybrid\nEuc.+HARD,hybrid,0.11192104158302148,0.19345169166723888,15,15
qD-UEwVEDP0_0_s2_f2_0443.npz,Hybrid\nEuc.+HARD,hybrid,0.09401181882077997,0.28218128328973596,11,11
qD-UEwVEDP0_0_s2_f3_0444.npz,Hybrid\nEuc.+HARD,hybrid,0.17759626731276512,0.8836084306240082,4,4
rq5RDUm2Hnk_1_s0_f0_0457.npz,Hybrid\nEuc.+HARD,hybrid,0.18038944403330484,0.7185249328613281,3,3
rq5RDUm2Hnk_1_s0_f2_0458.npz,Hybrid\nEuc.+HARD,hybrid,0.2383486069738865,0.5463945642113686,4,4
rq5RDUm2Hnk_1_s0_f3_0459.npz,Hybrid\nEuc.+HARD,hybrid,0.2892044484615326,1.7741155624389648,1,1
rq5RDUm2Hnk_1_s0_f4_0460.npz,Hybrid\nEuc.+HARD,hybrid,0.043749526143074036,2.4400391578674316,1,1
rq5RDUm2Hnk_1_s1_f0_0461.npz,Hybrid\nEuc.+HARD,hybrid,0.24472880363464355,2.2922139167785645,1,1
rq5RDUm2Hnk_1_s1_f1_0462.npz,Hybrid\nEuc.+HARD,hybrid,0.12955205887556076,0.418587464094162,5,5
rq5RDUm2Hnk_1_s1_f2_0463.npz,Hybrid\nEuc.+HARD,hybrid,0.15037693753838538,0.5316762089729309,5,5
rq5RDUm2Hnk_1_s1_f3_0464.npz,Hybrid\nEuc.+HARD,hybrid,0.09156354392568271,0.4507245024045308,6,6
rq5RDUm2Hnk_1_s1_f4_0465.npz,Hybrid\nEuc.+HARD,hybrid,0.19006410179038843,0.1880425289273262,12,12
rq5RDUm2Hnk_1_s2_f0_0466.npz,Hybrid\nEuc.+HARD,hybrid,0.04125707547063939,0.20146949775516987,16,16
rq5RDUm2Hnk_1_s2_f1_0467.npz,Hybrid\nEuc.+HARD,hybrid,0.07303718641694439,0.16123495878357635,19,19
rq5RDUm2Hnk_1_s2_f2_0468.npz,Hybrid\nEuc.+HARD,hybrid,0.10915262899784879,0.14141830429434776,22,22
rq5RDUm2Hnk_1_s2_f3_0469.npz,Hybrid\nEuc.+HARD,hybrid,0.05493339663371444,0.21903651440516114,16,16
rq5RDUm2Hnk_1_s2_f4_0470.npz,Hybrid\nEuc.+HARD,hybrid,0.12794449340019906,0.1953021064400673,14,14
s6dj_CqT0Mk_0_s0_f0_0471.npz,Hybrid\nEuc.+HARD,hybrid,0.279459685087204,4.2341156005859375,1,1
s6dj_CqT0Mk_0_s0_f1_0472.npz,Hybrid\nEuc.+HARD,hybrid,0.37859827280044556,2.6752195358276367,1,1
s6dj_CqT0Mk_0_s0_f2_0473.npz,Hybrid\nEuc.+HARD,hybrid,0.2729082703590393,3.7604286670684814,1,1
s6dj_CqT0Mk_0_s1_f0_0474.npz,Hybrid\nEuc.+HARD,hybrid,0.2513020895421505,0.42908716201782227,6,6
s6dj_CqT0Mk_0_s1_f1_0475.npz,Hybrid\nEuc.+HARD,hybrid,0.27016852982342243,0.4050224870443344,6,6
s6dj_CqT0Mk_0_s1_f2_0476.npz,Hybrid\nEuc.+HARD,hybrid,0.21041549742221832,0.7335209995508194,4,4
s6dj_CqT0Mk_0_s1_f3_0477.npz,Hybrid\nEuc.+HARD,hybrid,0.17232501110993326,0.3712497055530548,8,8
s6dj_CqT0Mk_0_s1_f4_0478.npz,Hybrid\nEuc.+HARD,hybrid,0.20213190217812857,0.4629817356665929,6,6
s6dj_CqT0Mk_0_s2_f0_0479.npz,Hybrid\nEuc.+HARD,hybrid,0.10371222264236873,0.17103706010513836,18,18
s6dj_CqT0Mk_0_s2_f1_0480.npz,Hybrid\nEuc.+HARD,hybrid,0.12600843724794686,0.17864589183591306,16,16
s6dj_CqT0Mk_0_s2_f2_0481.npz,Hybrid\nEuc.+HARD,hybrid,0.1009177981283177,0.1436658027497205,22,22
s6dj_CqT0Mk_0_s2_f3_0482.npz,Hybrid\nEuc.+HARD,hybrid,0.10367650748230517,0.17530315462499857,16,16
s6dj_CqT0Mk_0_s2_f4_0483.npz,Hybrid\nEuc.+HARD,hybrid,0.10842556700420876,0.129275344312191,24,24
s6dj_CqT0Mk_1_s0_f0_0484.npz,Hybrid\nEuc.+HARD,hybrid,0.11265242099761963,4.3995361328125,1,1
s6dj_CqT0Mk_1_s0_f2_0485.npz,Hybrid\nEuc.+HARD,hybrid,0.05604833364486694,5.131097316741943,1,1
s6dj_CqT0Mk_1_s0_f4_0486.npz,Hybrid\nEuc.+HARD,hybrid,0.02516513504087925,1.8648669719696045,1,1
s6dj_CqT0Mk_1_s1_f0_0487.npz,Hybrid\nEuc.+HARD,hybrid,0.09697792306542397,0.38623011112213135,6,6
s6dj_CqT0Mk_1_s1_f1_0488.npz,Hybrid\nEuc.+HARD,hybrid,0.17216958105564117,0.6473895013332367,4,4
s6dj_CqT0Mk_1_s1_f2_0489.npz,Hybrid\nEuc.+HARD,hybrid,0.34385647997260094,0.6797731071710587,4,4
s6dj_CqT0Mk_1_s1_f3_0490.npz,Hybrid\nEuc.+HARD,hybrid,0.244309242349118,0.5058264583349228,6,6
s6dj_CqT0Mk_1_s1_f4_0491.npz,Hybrid\nEuc.+HARD,hybrid,0.3053947761654854,0.5912380442023277,4,4
s6dj_CqT0Mk_1_s2_f0_0492.npz,Hybrid\nEuc.+HARD,hybrid,0.05391394168448945,0.1811448410153389,18,18
s6dj_CqT0Mk_1_s2_f1_0493.npz,Hybrid\nEuc.+HARD,hybrid,0.08242119225458457,0.24423752495875725,13,13
s6dj_CqT0Mk_1_s2_f2_0494.npz,Hybrid\nEuc.+HARD,hybrid,0.08358882204629481,0.16673341989517212,20,20
s6dj_CqT0Mk_1_s2_f3_0495.npz,Hybrid\nEuc.+HARD,hybrid,0.10394010699043671,0.09547558979441723,30,30
s6dj_CqT0Mk_1_s2_f4_0496.npz,Hybrid\nEuc.+HARD,hybrid,0.08297136338318095,0.18950344534481273,17,17
u4v75o5WxYw_7_s0_f2_0519.npz,Hybrid\nEuc.+HARD,hybrid,0.11294079571962357,1.694751501083374,1,1
u4v75o5WxYw_7_s0_f3_0520.npz,Hybrid\nEuc.+HARD,hybrid,0.06835927069187164,2.164802074432373,1,1
u4v75o5WxYw_7_s0_f4_0521.npz,Hybrid\nEuc.+HARD,hybrid,0.21663789078593254,0.939600259065628,2,2
u4v75o5WxYw_7_s1_f0_0522.npz,Hybrid\nEuc.+HARD,hybrid,0.14049866298834482,0.3684234668811162,6,6
u4v75o5WxYw_7_s1_f1_0523.npz,Hybrid\nEuc.+HARD,hybrid,0.14613786448414126,0.3266266832749049,6,6
u4v75o5WxYw_7_s1_f2_0524.npz,Hybrid\nEuc.+HARD,hybrid,0.17875995176533857,0.42043231427669525,6,6
u4v75o5WxYw_7_s1_f3_0525.npz,Hybrid\nEuc.+HARD,hybrid,0.1565676722675562,0.2919945493340492,8,8
u4v75o5WxYw_7_s1_f4_0526.npz,Hybrid\nEuc.+HARD,hybrid,0.1855676678242162,0.31891884095966816,8,8
u4v75o5WxYw_7_s2_f0_0527.npz,Hybrid\nEuc.+HARD,hybrid,0.12744239469369253,0.15011915192008018,18,18
u4v75o5WxYw_7_s2_f1_0528.npz,Hybrid\nEuc.+HARD,hybrid,0.0933535685762763,0.21737139565604074,14,14
u4v75o5WxYw_7_s2_f2_0529.npz,Hybrid\nEuc.+HARD,hybrid,0.13522578028373813,0.16175262355490735,19,19
u4v75o5WxYw_7_s2_f3_0530.npz,Hybrid\nEuc.+HARD,hybrid,0.13124547125900993,0.13815303208927313,18,18
u4v75o5WxYw_7_s2_f4_0531.npz,Hybrid\nEuc.+HARD,hybrid,0.11206702748313546,0.17692734953016043,16,16
uCK7Gok3u0U_5_s0_f0_0532.npz,Hybrid\nEuc.+HARD,hybrid,0.40225712954998016,1.3971558809280396,2,2
uCK7Gok3u0U_5_s0_f1_0533.npz,Hybrid\nEuc.+HARD,hybrid,0.4587993919849396,1.3172203302383423,2,2
uCK7Gok3u0U_5_s0_f2_0534.npz,Hybrid\nEuc.+HARD,hybrid,0.4452298581600189,1.2956595420837402,2,2
uCK7Gok3u0U_5_s0_f3_0535.npz,Hybrid\nEuc.+HARD,hybrid,0.3717627674341202,0.7291147410869598,4,4
uCK7Gok3u0U_5_s0_f4_0536.npz,Hybrid\nEuc.+HARD,hybrid,0.35885298252105713,0.7480485886335373,4,4
uCK7Gok3u0U_5_s1_f1_0537.npz,Hybrid\nEuc.+HARD,hybrid,0.0043542589992284775,0.5098360180854797,1,1
uCK7Gok3u0U_5_s1_f4_0538.npz,Hybrid\nEuc.+HARD,hybrid,0.04457474872469902,2.49466609954834,1,1
uCK7Gok3u0U_5_s2_f0_0539.npz,Hybrid\nEuc.+HARD,hybrid,0.06509175171193324,0.1612578371637746,19,19
uCK7Gok3u0U_5_s2_f1_0540.npz,Hybrid\nEuc.+HARD,hybrid,0.06877072141505777,0.15480083599686623,20,20
uCK7Gok3u0U_5_s2_f2_0541.npz,Hybrid\nEuc.+HARD,hybrid,0.07706560944452097,0.1534110731200168,19,19
uCK7Gok3u0U_5_s2_f3_0542.npz,Hybrid\nEuc.+HARD,hybrid,0.0774697824070851,0.19503620266914368,15,15
uCK7Gok3u0U_5_s2_f4_0543.npz,Hybrid\nEuc.+HARD,hybrid,0.07441693753935397,0.18188936449587345,16,16
xGeqjlPz4kw_4_s0_f0_0618.npz,Hybrid\nEuc.+HARD,hybrid,0.1985138033827146,0.8459233045578003,3,3
xGeqjlPz4kw_4_s0_f1_0619.npz,Hybrid\nEuc.+HARD,hybrid,0.27282336354255676,1.4269611835479736,2,2
xGeqjlPz4kw_4_s0_f2_0620.npz,Hybrid\nEuc.+HARD,hybrid,0.1312318742275238,3.3524510860443115,1,1
xGeqjlPz4kw_4_s0_f3_0621.npz,Hybrid\nEuc.+HARD,hybrid,0.25675991773605344,0.5082782149314881,5,5
xGeqjlPz4kw_4_s0_f4_0622.npz,Hybrid\nEuc.+HARD,hybrid,0.12250705560048421,0.9853341778119405,3,3
xGeqjlPz4kw_4_s1_f0_0623.npz,Hybrid\nEuc.+HARD,hybrid,0.08634829055517912,0.6680500954389572,4,4
xGeqjlPz4kw_4_s1_f1_0624.npz,Hybrid\nEuc.+HARD,hybrid,0.08232245527740036,0.4425362263407026,7,7
xGeqjlPz4kw_4_s1_f2_0625.npz,Hybrid\nEuc.+HARD,hybrid,0.07077563305695851,1.053107778231303,3,3
xGeqjlPz4kw_4_s1_f3_0626.npz,Hybrid\nEuc.+HARD,hybrid,0.13755415380001068,0.40191587805747986,6,6
xGeqjlPz4kw_4_s1_f4_0627.npz,Hybrid\nEuc.+HARD,hybrid,0.09579426608979702,0.5918805226683617,4,4
xGeqjlPz4kw_4_s2_f0_0628.npz,Hybrid\nEuc.+HARD,hybrid,0.1171169647326072,0.18795434832572938,15,15
xGeqjlPz4kw_4_s2_f1_0629.npz,Hybrid\nEuc.+HARD,hybrid,0.10748710887273774,0.2981386497616768,10,10
xGeqjlPz4kw_4_s2_f2_0630.npz,Hybrid\nEuc.+HARD,hybrid,0.12125465124845505,0.28262959420681,10,10
xGeqjlPz4kw_4_s2_f3_0631.npz,Hybrid\nEuc.+HARD,hybrid,0.08290447729329269,0.32591340442498523,9,9
xGeqjlPz4kw_4_s2_f4_0632.npz,Hybrid\nEuc.+HARD,hybrid,0.09046338885449447,0.17991343140602112,13,13
xLXcCv45AYg_22_s0_f0_0633.npz,Hybrid\nEuc.+HARD,hybrid,0.578635036945343,2.684502601623535,1,1
xLXcCv45AYg_22_s1_f0_0634.npz,Hybrid\nEuc.+HARD,hybrid,0.2079794853925705,1.472098469734192,2,2
xLXcCv45AYg_22_s1_f1_0635.npz,Hybrid\nEuc.+HARD,hybrid,0.1778764184564352,0.8034964054822922,4,4
xLXcCv45AYg_22_s1_f2_0636.npz,Hybrid\nEuc.+HARD,hybrid,0.2580315377563238,0.536252960562706,4,4
xLXcCv45AYg_22_s1_f3_0637.npz,Hybrid\nEuc.+HARD,hybrid,0.3817218244075775,1.2927768230438232,2,2
xLXcCv45AYg_22_s1_f4_0638.npz,Hybrid\nEuc.+HARD,hybrid,0.11793182045221329,1.5509403944015503,2,2
xLXcCv45AYg_22_s2_f0_0639.npz,Hybrid\nEuc.+HARD,hybrid,0.09003900922834873,0.6529676616191864,6,6
xLXcCv45AYg_22_s2_f1_0640.npz,Hybrid\nEuc.+HARD,hybrid,0.09213411488703319,0.5009955763816833,7,7
xLXcCv45AYg_22_s2_f2_0641.npz,Hybrid\nEuc.+HARD,hybrid,0.06421922822482884,0.21737615764141083,16,16
xLXcCv45AYg_22_s2_f3_0642.npz,Hybrid\nEuc.+HARD,hybrid,0.1600205333903432,0.33254553824663163,10,10
xLXcCv45AYg_22_s2_f4_0643.npz,Hybrid\nEuc.+HARD,hybrid,0.20682862183700004,0.4775258054335912,6,6
x_w-93ctLN0_2_s0_f0_0607.npz,Hybrid\nEuc.+HARD,hybrid,0.27756476402282715,3.7804088592529297,1,1
x_w-93ctLN0_2_s0_f1_0608.npz,Hybrid\nEuc.+HARD,hybrid,0.1657324731349945,3.7691328525543213,1,1
x_w-93ctLN0_2_s0_f3_0609.npz,Hybrid\nEuc.+HARD,hybrid,0.1453196108341217,3.7600624561309814,1,1
x_w-93ctLN0_2_s1_f0_0610.npz,Hybrid\nEuc.+HARD,hybrid,0.09478834667243063,0.2840025555342436,8,8
x_w-93ctLN0_2_s1_f1_0611.npz,Hybrid\nEuc.+HARD,hybrid,0.08006698514024417,0.775583287080129,3,3
x_w-93ctLN0_2_s1_f3_0612.npz,Hybrid\nEuc.+HARD,hybrid,0.12202579900622368,0.7964993417263031,2,2
x_w-93ctLN0_2_s1_f4_0613.npz,Hybrid\nEuc.+HARD,hybrid,0.11371634445256656,0.24623962077829573,9,9
x_w-93ctLN0_2_s2_f0_0614.npz,Hybrid\nEuc.+HARD,hybrid,0.06917578069907096,0.10902114819597315,27,27
x_w-93ctLN0_2_s2_f1_0615.npz,Hybrid\nEuc.+HARD,hybrid,0.07557595167774707,0.1181598636507988,25,25
x_w-93ctLN0_2_s2_f3_0616.npz,Hybrid\nEuc.+HARD,hybrid,0.09441243400594787,0.1294793597544017,23,23
x_w-93ctLN0_2_s2_f4_0617.npz,Hybrid\nEuc.+HARD,hybrid,0.07992086655576713,0.17209069399784008,18,18
xv7eM6-UmkY_14_s0_f0_0644.npz,Hybrid\nEuc.+HARD,hybrid,0.24130940437316895,3.6289570331573486,1,1
xv7eM6-UmkY_14_s0_f1_0645.npz,Hybrid\nEuc.+HARD,hybrid,0.20825570076704025,1.2831579446792603,2,2
xv7eM6-UmkY_14_s0_f2_0646.npz,Hybrid\nEuc.+HARD,hybrid,0.25219129025936127,1.238311529159546,2,2
xv7eM6-UmkY_14_s0_f3_0647.npz,Hybrid\nEuc.+HARD,hybrid,0.11828329972922802,0.9917749762535095,3,3
xv7eM6-UmkY_14_s0_f4_0648.npz,Hybrid\nEuc.+HARD,hybrid,0.07909905910491943,2.8038885593414307,1,1
xv7eM6-UmkY_14_s1_f0_0649.npz,Hybrid\nEuc.+HARD,hybrid,0.10878730872645974,0.5001145392656327,5,5
xv7eM6-UmkY_14_s1_f1_0650.npz,Hybrid\nEuc.+HARD,hybrid,0.0802028551697731,0.5240975469350815,4,4
xv7eM6-UmkY_14_s1_f2_0651.npz,Hybrid\nEuc.+HARD,hybrid,0.0712229471343259,0.38407142957051593,6,6
xv7eM6-UmkY_14_s1_f3_0652.npz,Hybrid\nEuc.+HARD,hybrid,0.09793756572928812,0.15449299783046758,14,14
xv7eM6-UmkY_14_s1_f4_0653.npz,Hybrid\nEuc.+HARD,hybrid,0.10346321389079094,0.6362644135951996,4,4
xv7eM6-UmkY_14_s2_f0_0654.npz,Hybrid\nEuc.+HARD,hybrid,0.14112125604372958,0.12881176368049954,23,23
xv7eM6-UmkY_14_s2_f1_0655.npz,Hybrid\nEuc.+HARD,hybrid,0.13912933028498015,0.05821967107612033,43,43
xv7eM6-UmkY_14_s2_f2_0656.npz,Hybrid\nEuc.+HARD,hybrid,0.15845292944299139,0.11392408738965573,23,23
xv7eM6-UmkY_14_s2_f3_0657.npz,Hybrid\nEuc.+HARD,hybrid,0.1429071323264663,0.06509164920667322,41,41
xv7eM6-UmkY_14_s2_f4_0658.npz,Hybrid\nEuc.+HARD,hybrid,0.1449120081961155,0.10522781622906525,24,24
0WxgIKuetYI_0_s0_f0_0044.npz,HARD,hyperbolic,0.0737665668129921,3.552741050720215,1,1
0WxgIKuetYI_0_s0_f2_0045.npz,HARD,hyperbolic,0.16950546205043793,2.802572250366211,1,1
0WxgIKuetYI_0_s0_f4_0046.npz,HARD,hyperbolic,0.10490187257528305,3.5758004188537598,1,1
0WxgIKuetYI_0_s1_f0_0047.npz,HARD,hyperbolic,0.1363653428852558,1.4018875360488892,2,2
0WxgIKuetYI_0_s1_f1_0048.npz,HARD,hyperbolic,0.031446196138858795,3.4686849117279053,1,1
0WxgIKuetYI_0_s1_f2_0049.npz,HARD,hyperbolic,0.1673091370612383,1.4502213597297668,2,2
0WxgIKuetYI_0_s1_f3_0050.npz,HARD,hyperbolic,0.061246419325470924,1.1522702972094219,3,3
0WxgIKuetYI_0_s1_f4_0051.npz,HARD,hyperbolic,0.09957609698176384,0.9006160497665405,3,3
0WxgIKuetYI_0_s2_f0_0052.npz,HARD,hyperbolic,0.08188861099382241,0.2392836888631185,15,15
0WxgIKuetYI_0_s2_f1_0053.npz,HARD,hyperbolic,0.10361661911010742,0.3271309852600098,10,10
0WxgIKuetYI_0_s2_f2_0054.npz,HARD,hyperbolic,0.10438630376011133,0.3608598053455353,10,10
0WxgIKuetYI_0_s2_f3_0055.npz,HARD,hyperbolic,0.0893365391953425,0.28084022077647125,11,11
0WxgIKuetYI_0_s2_f4_0056.npz,HARD,hyperbolic,0.07375047469718589,0.4206327431731754,9,9
0bzkGQLy7b4_2_s0_f0_0012.npz,HARD,hyperbolic,0.04024205496534705,1.564301311969757,2,2
0bzkGQLy7b4_2_s0_f1_0013.npz,HARD,hyperbolic,0.09979176595807075,0.594420713186264,5,5
0bzkGQLy7b4_2_s0_f2_0014.npz,HARD,hyperbolic,0.17518070029715696,1.0753466685612996,3,3
0bzkGQLy7b4_2_s0_f3_0015.npz,HARD,hyperbolic,0.08919857814908028,0.9823859532674154,3,3
0bzkGQLy7b4_2_s0_f4_0016.npz,HARD,hyperbolic,0.12451145146042109,0.7530763745307922,4,4
0bzkGQLy7b4_2_s1_f0_0017.npz,HARD,hyperbolic,0.08517179615759793,0.2181163178040431,13,13
0bzkGQLy7b4_2_s1_f1_0018.npz,HARD,hyperbolic,0.10992819890379905,0.5345109164714813,5,5
0bzkGQLy7b4_2_s1_f2_0019.npz,HARD,hyperbolic,0.0906881948467344,0.40075649693608284,8,8
0bzkGQLy7b4_2_s1_f3_0020.npz,HARD,hyperbolic,0.1125358419958502,0.3579086400568485,8,8
0bzkGQLy7b4_2_s1_f4_0021.npz,HARD,hyperbolic,0.13885745116406017,0.3660733766025967,9,9
0bzkGQLy7b4_2_s2_f0_0022.npz,HARD,hyperbolic,0.1185340257851701,0.15989400524842112,19,19
0bzkGQLy7b4_2_s2_f1_0023.npz,HARD,hyperbolic,0.10190406764912255,0.08771902640514515,34,34
0bzkGQLy7b4_2_s2_f2_0024.npz,HARD,hyperbolic,0.11116457160992119,0.11611537578014228,26,26
0bzkGQLy7b4_2_s2_f3_0025.npz,HARD,hyperbolic,0.10509407764364934,0.10228622756127653,29,29
0bzkGQLy7b4_2_s2_f4_0026.npz,HARD,hyperbolic,0.08092010393253683,0.11842311256461674,27,27
0mqckt2Uca8_0_s1_f3_0027.npz,HARD,hyperbolic,0.1435382068157196,3.628345251083374,1,1
0mqckt2Uca8_0_s1_f4_0028.npz,HARD,hyperbolic,0.318342000246048,2.556377410888672,1,1
0mqckt2Uca8_0_s2_f3_0029.npz,HARD,hyperbolic,0.16252674162387848,0.9691940347353617,3,3
0mqckt2Uca8_0_s2_f4_0030.npz,HARD,hyperbolic,0.21129516065120696,0.7912751317024231,5,5
0mqckt2Uca8_2_s0_f1_0031.npz,HARD,hyperbolic,0.1760871484875679,1.4022009372711182,2,2
0mqckt2Uca8_2_s0_f2_0032.npz,HARD,hyperbolic,0.12162281945347786,0.7309888601303101,2,2
0mqckt2Uca8_2_s0_f3_0033.npz,HARD,hyperbolic,0.24034813046455383,2.8340413570404053,1,1
0mqckt2Uca8_2_s1_f0_0034.npz,HARD,hyperbolic,0.12915167212486267,1.5463206768035889,2,2
0mqckt2Uca8_2_s1_f1_0035.npz,HARD,hyperbolic,0.13579928874969482,2.651782274246216,1,1
0mqckt2Uca8_2_s1_f2_0036.npz,HARD,hyperbolic,0.07608260563574731,0.7756265103816986,4,4
0mqckt2Uca8_2_s1_f3_0037.npz,HARD,hyperbolic,0.0709977000951767,2.6553447246551514,1,1
0mqckt2Uca8_2_s1_f4_0038.npz,HARD,hyperbolic,0.11608584225177765,3.413482666015625,1,1
0mqckt2Uca8_2_s2_f0_0039.npz,HARD,hyperbolic,0.024832778396861006,0.3499900731775496,9,9
0mqckt2Uca8_2_s2_f1_0040.npz,HARD,hyperbolic,0.04680484367741479,0.3553270796934764,9,9
0mqckt2Uca8_2_s2_f2_0041.npz,HARD,hyperbolic,0.0762731201118893,0.3444199363390605,9,9
0mqckt2Uca8_2_s2_f3_0042.npz,HARD,hyperbolic,0.10516950301826,0.6941637843847275,4,4
0mqckt2Uca8_2_s2_f4_0043.npz,HARD,hyperbolic,0.06387741435319186,0.6360586702823638,5,5
26xaTuDMCIQ_1_s0_f0_0057.npz,HARD,hyperbolic,0.04667143151164055,1.994922161102295,1,1
26xaTuDMCIQ_1_s0_f2_0058.npz,HARD,hyperbolic,0.21469003707170486,1.436357855796814,2,2
26xaTuDMCIQ_1_s0_f3_0059.npz,HARD,hyperbolic,0.06629362143576145,1.3762061595916748,2,2
26xaTuDMCIQ_1_s0_f4_0060.npz,HARD,hyperbolic,0.09692605584859848,1.3138678669929504,2,2
26xaTuDMCIQ_1_s1_f0_0061.npz,HARD,hyperbolic,0.15284300812830529,0.936075766881307,3,3
26xaTuDMCIQ_1_s1_f1_0062.npz,HARD,hyperbolic,0.09474458172917366,1.3709453344345093,2,2
26xaTuDMCIQ_1_s1_f2_0063.npz,HARD,hyperbolic,0.06852866243571043,0.7990231290459633,4,4
26xaTuDMCIQ_1_s1_f3_0064.npz,HARD,hyperbolic,0.04598229133989662,0.8069876134395599,4,4
26xaTuDMCIQ_1_s1_f4_0065.npz,HARD,hyperbolic,0.0725843396037817,0.32558259814977647,10,10
26xaTuDMCIQ_1_s2_f0_0066.npz,HARD,hyperbolic,0.11444165099125642,0.19378702227885908,13,13
26xaTuDMCIQ_1_s2_f1_0067.npz,HARD,hyperbolic,0.07618208950208057,0.13240317148821695,21,21
26xaTuDMCIQ_1_s2_f2_0068.npz,HARD,hyperbolic,0.10984421105069272,0.15098566956379833,17,17
26xaTuDMCIQ_1_s2_f3_0069.npz,HARD,hyperbolic,0.11300240971502803,0.13085719694693884,21,21
26xaTuDMCIQ_1_s2_f4_0070.npz,HARD,hyperbolic,0.09662554458537627,0.13636084504070736,21,21
28XJmUz906g_0_s0_f1_0071.npz,HARD,hyperbolic,0.13657951766314605,1.0414903163909912,3,3
28XJmUz906g_0_s0_f3_0072.npz,HARD,hyperbolic,0.047897230833768845,6.272803783416748,1,1
28XJmUz906g_0_s0_f4_0073.npz,HARD,hyperbolic,0.03349835053086281,1.7882431745529175,1,1
28XJmUz906g_0_s1_f0_0074.npz,HARD,hyperbolic,0.09507748819887638,0.5968917727470398,5,5
28XJmUz906g_0_s1_f1_0075.npz,HARD,hyperbolic,0.0714038320417915,0.3377952916281564,7,7
28XJmUz906g_0_s1_f2_0076.npz,HARD,hyperbolic,0.028055340982973576,1.11786154905955,3,3
28XJmUz906g_0_s1_f3_0077.npz,HARD,hyperbolic,0.09004463760980538,0.46834440742220196,7,7
28XJmUz906g_0_s1_f4_0078.npz,HARD,hyperbolic,0.11972611397504807,0.5119495193163554,6,6
28XJmUz906g_0_s2_f0_0079.npz,HARD,hyperbolic,0.07623405987396836,0.20998840406537056,16,16
28XJmUz906g_0_s2_f1_0080.npz,HARD,hyperbolic,0.08582144466228783,0.14049177408218383,25,25
28XJmUz906g_0_s2_f2_0081.npz,HARD,hyperbolic,0.05842065342391531,0.24305289487044016,15,15
28XJmUz906g_0_s2_f3_0082.npz,HARD,hyperbolic,0.06462201282556634,0.25731055065989494,16,16
28XJmUz906g_0_s2_f4_0083.npz,HARD,hyperbolic,0.10532075068719375,0.2841137374440829,12,12
3vheOi4y540_1_s0_f1_0084.npz,HARD,hyperbolic,0.23741165548563004,1.2694384157657623,2,2
3vheOi4y540_1_s0_f2_0085.npz,HARD,hyperbolic,0.14674660563468933,1.2552848756313324,2,2
3vheOi4y540_1_s0_f3_0086.npz,HARD,hyperbolic,0.019444912672042847,1.4831454753875732,1,1
3vheOi4y540_1_s1_f0_0087.npz,HARD,hyperbolic,0.26441538830598194,1.0123461683591206,3,3
3vheOi4y540_1_s1_f1_0088.npz,HARD,hyperbolic,0.12391994893550873,1.480862557888031,2,2
3vheOi4y540_1_s1_f2_0089.npz,HARD,hyperbolic,0.1495408554162298,0.45490305764334543,7,7
3vheOi4y540_1_s1_f3_0090.npz,HARD,hyperbolic,0.17450934648513794,0.8712903261184692,3,3
3vheOi4y540_1_s1_f4_0091.npz,HARD,hyperbolic,0.0794111998596539,0.4637790769338608,6,6
3vheOi4y540_1_s2_f0_0092.npz,HARD,hyperbolic,0.12315522642298178,0.31829966740174725,11,11
3vheOi4y540_1_s2_f1_0093.npz,HARD,hyperbolic,0.08933867304585874,0.462055254727602,8,8
3vheOi4y540_1_s2_f2_0094.npz,HARD,hyperbolic,0.09517966609980379,0.5634632280894688,7,7
3vheOi4y540_1_s2_f3_0095.npz,HARD,hyperbolic,0.06678590575393173,0.28004856159289676,12,12
3vheOi4y540_1_s2_f4_0096.npz,HARD,hyperbolic,0.07469896330232066,0.2602602019906044,14,14
9xp46AwF9BY_3_s0_f2_0097.npz,HARD,hyperbolic,0.015797747299075127,3.228093385696411,1,1
9xp46AwF9BY_3_s0_f3_0098.npz,HARD,hyperbolic,0.014072529040277004,3.6241044998168945,1,1
9xp46AwF9BY_3_s0_f4_0099.npz,HARD,hyperbolic,0.11641713231801987,0.8609302639961243,3,3
9xp46AwF9BY_3_s1_f0_0100.npz,HARD,hyperbolic,0.02235231827944517,1.3447614312171936,2,2
9xp46AwF9BY_3_s1_f1_0101.npz,HARD,hyperbolic,0.09947402775287628,0.8259358803431193,3,3
9xp46AwF9BY_3_s1_f2_0102.npz,HARD,hyperbolic,0.051999691873788834,3.6610236167907715,1,1
9xp46AwF9BY_3_s1_f3_0103.npz,HARD,hyperbolic,0.10667314566671848,1.2503626942634583,2,2
9xp46AwF9BY_3_s1_f4_0104.npz,HARD,hyperbolic,0.07802473194897175,1.4735443592071533,2,2
9xp46AwF9BY_3_s2_f0_0105.npz,HARD,hyperbolic,0.07336364453658462,0.22404582213078225,14,14
9xp46AwF9BY_3_s2_f1_0106.npz,HARD,hyperbolic,0.027203321146468323,0.6520750919977824,6,6
9xp46AwF9BY_3_s2_f2_0107.npz,HARD,hyperbolic,0.09019766662580271,0.34365370207362705,9,9
9xp46AwF9BY_3_s2_f3_0108.npz,HARD,hyperbolic,0.09476193635223004,0.23349176003382757,13,13
9xp46AwF9BY_3_s2_f4_0109.npz,HARD,hyperbolic,0.08179623592231008,0.3433330539200041,9,9
BZyTr2Pku2A_2_s0_f0_0136.npz,HARD,hyperbolic,0.13832221180200577,0.8537229597568512,2,2
BZyTr2Pku2A_2_s0_f1_0137.npz,HARD,hyperbolic,0.202309250831604,1.6747301816940308,1,1
BZyTr2Pku2A_2_s0_f2_0138.npz,HARD,hyperbolic,0.15228313580155373,0.9093645215034485,2,2
BZyTr2Pku2A_2_s0_f3_0139.npz,HARD,hyperbolic,0.11863033846020699,0.8267360925674438,2,2
BZyTr2Pku2A_2_s0_f4_0140.npz,HARD,hyperbolic,0.198203444480896,1.6913752555847168,1,1
BZyTr2Pku2A_2_s1_f0_0141.npz,HARD,hyperbolic,0.14423655470212302,0.6385459105173746,3,3
BZyTr2Pku2A_2_s1_f1_0142.npz,HARD,hyperbolic,0.0033002581913024187,1.6326673030853271,1,1
BZyTr2Pku2A_2_s1_f2_0143.npz,HARD,hyperbolic,0.07138536125421524,3.9179933071136475,1,1
BZyTr2Pku2A_2_s1_f3_0144.npz,HARD,hyperbolic,0.12069502100348473,0.5943010052045187,3,3
BZyTr2Pku2A_2_s1_f4_0145.npz,HARD,hyperbolic,0.15373986214399338,0.7725354433059692,2,2
BZyTr2Pku2A_2_s2_f0_0146.npz,HARD,hyperbolic,0.06436457493427125,0.29456402496858075,11,11
BZyTr2Pku2A_2_s2_f1_0147.npz,HARD,hyperbolic,0.07059471012325957,0.19875221699476242,16,16
BZyTr2Pku2A_2_s2_f2_0148.npz,HARD,hyperbolic,0.06368600184885928,0.2435279328089494,13,13
BZyTr2Pku2A_2_s2_f3_0149.npz,HARD,hyperbolic,0.06214133317449263,0.22092146958623612,14,14
BZyTr2Pku2A_2_s2_f4_0150.npz,HARD,hyperbolic,0.06874507823958993,0.3303052380681038,10,10
BvtaXGFoeRA_0_s0_f0_0123.npz,HARD,hyperbolic,0.007511662319302559,2.7413878440856934,1,1
BvtaXGFoeRA_0_s0_f3_0124.npz,HARD,hyperbolic,0.15604140609502792,0.8063008189201355,2,2
BvtaXGFoeRA_0_s0_f4_0125.npz,HARD,hyperbolic,0.07429460436105728,2.4383368492126465,1,1
BvtaXGFoeRA_0_s1_f0_0126.npz,HARD,hyperbolic,0.19821305572986603,2.177812337875366,1,1
BvtaXGFoeRA_0_s1_f1_0127.npz,HARD,hyperbolic,0.11911492546399434,0.9613309899965922,3,3
BvtaXGFoeRA_0_s1_f2_0128.npz,HARD,hyperbolic,0.13467786305894455,0.36238060394922894,6,6
BvtaXGFoeRA_0_s1_f3_0129.npz,HARD,hyperbolic,0.17752875480800867,0.25156963244080544,8,8
BvtaXGFoeRA_0_s1_f4_0130.npz,HARD,hyperbolic,0.03532985411584377,1.0622010032335918,3,3
BvtaXGFoeRA_0_s2_f0_0131.npz,HARD,hyperbolic,0.08210500981658697,0.5673146198193232,6,6
BvtaXGFoeRA_0_s2_f1_0132.npz,HARD,hyperbolic,0.03530498594045639,0.7362691164016724,5,5
BvtaXGFoeRA_0_s2_f2_0133.npz,HARD,hyperbolic,0.19145380572548934,0.1903583284999643,14,14
BvtaXGFoeRA_0_s2_f3_0134.npz,HARD,hyperbolic,0.1170998251331704,0.09378281246338571,35,35
BvtaXGFoeRA_0_s2_f4_0135.npz,HARD,hyperbolic,0.07219421384590012,0.384687534400395,7,7
CNbSq__q-BY_s0_f3_0151.npz,HARD,hyperbolic,0.17136941850185394,4.238584995269775,1,1
CNbSq__q-BY_s1_f2_0152.npz,HARD,hyperbolic,0.08291763020679355,2.908974051475525,2,2
CNbSq__q-BY_s1_f3_0153.npz,HARD,hyperbolic,0.05771364892522494,1.4191704193751018,3,3
CNbSq__q-BY_s2_f1_0154.npz,HARD,hyperbolic,0.11144171329215169,0.8690863102674484,4,4
CNbSq__q-BY_s2_f2_0155.npz,HARD,hyperbolic,0.11653737649321556,0.3517075300216675,10,10
CNbSq__q-BY_s2_f3_0156.npz,HARD,hyperbolic,0.1326066516339779,0.3782200776040554,8,8
DGC9d3n7Tpw_0_s0_f3_0157.npz,HARD,hyperbolic,0.007540597114712,3.0814411640167236,1,1
DGC9d3n7Tpw_0_s1_f3_0158.npz,HARD,hyperbolic,0.14062950760126114,0.8360390861829122,3,3
DGC9d3n7Tpw_0_s2_f0_0159.npz,HARD,hyperbolic,0.050127023737877606,0.5247957646846771,5,5
DGC9d3n7Tpw_0_s2_f3_0160.npz,HARD,hyperbolic,0.0855325951318567,0.4969366490840912,6,6
ELZzyhWMdqA_0_s0_f0_0161.npz,HARD,hyperbolic,0.1534952074289322,3.6121373176574707,1,1
ELZzyhWMdqA_0_s0_f2_0162.npz,HARD,hyperbolic,0.05195101350545883,2.788666009902954,1,1
ELZzyhWMdqA_0_s0_f3_0163.npz,HARD,hyperbolic,0.2029869705438614,2.6168603897094727,1,1
ELZzyhWMdqA_0_s0_f4_0164.npz,HARD,hyperbolic,0.03040165826678276,2.3047306537628174,1,1
ELZzyhWMdqA_0_s1_f1_0165.npz,HARD,hyperbolic,0.03345535113476217,1.9056742787361145,2,2
ELZzyhWMdqA_0_s1_f2_0166.npz,HARD,hyperbolic,0.0889415933440129,0.732553501923879,3,3
ELZzyhWMdqA_0_s1_f3_0167.npz,HARD,hyperbolic,0.05209490831475705,0.6701052784919739,4,4
ELZzyhWMdqA_0_s1_f4_0168.npz,HARD,hyperbolic,0.09849805353830259,0.8760742743810018,3,3
ELZzyhWMdqA_0_s2_f0_0169.npz,HARD,hyperbolic,0.09597101993858814,0.6350988745689392,5,5
ELZzyhWMdqA_0_s2_f1_0170.npz,HARD,hyperbolic,0.10106846038252115,0.7111465930938721,5,5
ELZzyhWMdqA_0_s2_f2_0171.npz,HARD,hyperbolic,0.04541450197046453,0.28608805212107574,11,11
ELZzyhWMdqA_0_s2_f3_0172.npz,HARD,hyperbolic,0.05026275666155429,0.2585707103664225,11,11
ELZzyhWMdqA_0_s2_f4_0173.npz,HARD,hyperbolic,0.06942992734436232,0.21180612651201394,13,13
ELZzyhWMdqA_1_s0_f0_0174.npz,HARD,hyperbolic,0.02875068597495556,4.478501319885254,1,1
ELZzyhWMdqA_1_s0_f2_0175.npz,HARD,hyperbolic,0.03471941500902176,2.078921318054199,1,1
ELZzyhWMdqA_1_s1_f0_0176.npz,HARD,hyperbolic,0.06103491357394627,0.3965480625629425,7,7
ELZzyhWMdqA_1_s1_f1_0177.npz,HARD,hyperbolic,0.0587830733663092,0.47300954659779865,6,6
ELZzyhWMdqA_1_s1_f2_0178.npz,HARD,hyperbolic,0.13081547617912292,0.6190004885196686,5,5
ELZzyhWMdqA_1_s1_f3_0179.npz,HARD,hyperbolic,0.06244074027054012,0.34129078686237335,10,10
ELZzyhWMdqA_1_s1_f4_0180.npz,HARD,hyperbolic,0.1098841925462087,1.0106393297513325,3,3
ELZzyhWMdqA_1_s2_f0_0181.npz,HARD,hyperbolic,0.07736458589967626,0.21332662151410028,13,13
ELZzyhWMdqA_1_s2_f1_0182.npz,HARD,hyperbolic,0.10129114548149316,0.12051752954721451,23,23
ELZzyhWMdqA_1_s2_f2_0183.npz,HARD,hyperbolic,0.09211410096447382,0.20695062088114874,14,14
ELZzyhWMdqA_1_s2_f3_0184.npz,HARD,hyperbolic,0.0793642757460475,0.2788183942437172,10,10
ELZzyhWMdqA_1_s2_f4_0185.npz,HARD,hyperbolic,0.0640125316209518,0.22879755382354444,13,13
EnpqqJXs0aY_2_s0_f2_0196.npz,HARD,hyperbolic,0.10278462432324886,1.5469315648078918,2,2
EnpqqJXs0aY_2_s0_f3_0197.npz,HARD,hyperbolic,0.191184863448143,1.4573320150375366,1,1
EnpqqJXs0aY_2_s0_f4_0198.npz,HARD,hyperbolic,0.1300390362739563,2.4914190769195557,1,1
EnpqqJXs0aY_2_s1_f0_0199.npz,HARD,hyperbolic,0.07797478046268225,0.6819236129522324,4,4
EnpqqJXs0aY_2_s1_f1_0200.npz,HARD,hyperbolic,0.18019393980503082,0.6229701399803161,5,5
EnpqqJXs0aY_2_s1_f2_0201.npz,HARD,hyperbolic,0.08458428146938483,0.5351566076278687,6,6
EnpqqJXs0aY_2_s1_f3_0202.npz,HARD,hyperbolic,0.06605832527081172,0.9731746315956116,3,3
EnpqqJXs0aY_2_s1_f4_0203.npz,HARD,hyperbolic,0.11629693796858191,0.591275280714035,5,5
EnpqqJXs0aY_2_s2_f0_0204.npz,HARD,hyperbolic,0.09729374101799396,0.19616220725907219,18,18
EnpqqJXs0aY_2_s2_f1_0205.npz,HARD,hyperbolic,0.08296881614890146,0.19494891166687012,19,19
EnpqqJXs0aY_2_s2_f2_0206.npz,HARD,hyperbolic,0.03824823596240843,0.23497844092986164,17,17
EnpqqJXs0aY_2_s2_f3_0207.npz,HARD,hyperbolic,0.09790041012799039,0.2131506712997661,17,17
EnpqqJXs0aY_2_s2_f4_0208.npz,HARD,hyperbolic,0.06261569457340309,0.18488235805522313,22,22
FgNwZuMFQwY_0_s0_f2_0209.npz,HARD,hyperbolic,0.1907545030117035,1.4680487513542175,2,2
FgNwZuMFQwY_0_s0_f3_0210.npz,HARD,hyperbolic,0.02298620087094605,1.5224612355232239,2,2
FgNwZuMFQwY_0_s1_f0_0211.npz,HARD,hyperbolic,0.05987894038359324,1.2381513317426045,3,3
FgNwZuMFQwY_0_s1_f1_0212.npz,HARD,hyperbolic,0.022305238991975784,4.4239277839660645,1,1
FgNwZuMFQwY_0_s1_f2_0213.npz,HARD,hyperbolic,0.0809525977820158,1.6985187530517578,2,2
FgNwZuMFQwY_0_s1_f3_0214.npz,HARD,hyperbolic,0.10153607527414958,1.297223726908366,3,3
FgNwZuMFQwY_0_s1_f4_0215.npz,HARD,hyperbolic,0.17082242667675018,1.5104898810386658,2,2
FgNwZuMFQwY_0_s2_f0_0216.npz,HARD,hyperbolic,0.1761959433555603,0.5361625969409942,5,5
FgNwZuMFQwY_0_s2_f1_0217.npz,HARD,hyperbolic,0.0780911729671061,0.6843442142009735,5,5
FgNwZuMFQwY_0_s2_f2_0218.npz,HARD,hyperbolic,0.11311288708104537,0.22823046434384126,13,13
FgNwZuMFQwY_0_s2_f3_0219.npz,HARD,hyperbolic,0.05400178249692544,0.5120277069509029,8,8
FgNwZuMFQwY_0_s2_f4_0220.npz,HARD,hyperbolic,0.11592012122273446,0.32237955182790756,10,10
FgNwZuMFQwY_1_s0_f1_0221.npz,HARD,hyperbolic,0.17977159097790718,0.6361255198717117,4,4
FgNwZuMFQwY_1_s0_f2_0222.npz,HARD,hyperbolic,0.17474960535764694,1.2586023807525635,2,2
FgNwZuMFQwY_1_s0_f3_0223.npz,HARD,hyperbolic,0.28830450028181076,1.532686173915863,2,2
FgNwZuMFQwY_1_s1_f0_0224.npz,HARD,hyperbolic,0.3763929009437561,2.456912040710449,1,1
FgNwZuMFQwY_1_s1_f1_0225.npz,HARD,hyperbolic,0.14295868296176195,0.5266234055161476,4,4
FgNwZuMFQwY_1_s1_f2_0226.npz,HARD,hyperbolic,0.096077686175704,1.1939865350723267,2,2
FgNwZuMFQwY_1_s1_f3_0227.npz,HARD,hyperbolic,0.0685650184750557,2.159464120864868,1,1
FgNwZuMFQwY_1_s2_f0_0228.npz,HARD,hyperbolic,0.08983486176778872,0.5525767058134079,6,6
FgNwZuMFQwY_1_s2_f1_0229.npz,HARD,hyperbolic,0.10484245861880481,0.3343274611979723,8,8
FgNwZuMFQwY_1_s2_f2_0230.npz,HARD,hyperbolic,0.12476105455841337,0.4086361399718693,7,7
FgNwZuMFQwY_1_s2_f3_0231.npz,HARD,hyperbolic,0.20129981211253575,0.4523764337812151,7,7
FhF2q_P-vAA_0_s0_f0_0232.npz,HARD,hyperbolic,0.11592540889978409,3.2241404056549072,1,1
FhF2q_P-vAA_0_s0_f2_0233.npz,HARD,hyperbolic,0.09768430888652802,3.631290912628174,1,1
FhF2q_P-vAA_0_s0_f3_0234.npz,HARD,hyperbolic,0.09241560846567154,3.6138389110565186,1,1
FhF2q_P-vAA_0_s0_f4_0235.npz,HARD,hyperbolic,0.2692294120788574,1.6741808652877808,1,1
FhF2q_P-vAA_0_s1_f1_0236.npz,HARD,hyperbolic,0.08084316551685333,1.9388291835784912,1,1
FhF2q_P-vAA_0_s1_f2_0237.npz,HARD,hyperbolic,0.07822642475366592,2.907146692276001,1,1
FhF2q_P-vAA_0_s1_f3_0238.npz,HARD,hyperbolic,0.06783349253237247,0.9884168952703476,4,4
FhF2q_P-vAA_0_s2_f0_0239.npz,HARD,hyperbolic,0.11227629664871427,0.300314004222552,9,9
FhF2q_P-vAA_0_s2_f1_0240.npz,HARD,hyperbolic,0.12499814108014107,0.6184280514717102,4,4
FhF2q_P-vAA_0_s2_f2_0241.npz,HARD,hyperbolic,0.08839419018477201,0.5796185955405235,4,4
FhF2q_P-vAA_0_s2_f3_0242.npz,HARD,hyperbolic,0.0659430380910635,0.37244272066487205,9,9
FhF2q_P-vAA_0_s2_f4_0243.npz,HARD,hyperbolic,0.0560484990637633,0.2971860468387604,12,12
GJqSBf6p8qg_0_s0_f3_0244.npz,HARD,hyperbolic,0.16991649568080902,4.5146484375,1,1
GJqSBf6p8qg_0_s2_f0_0245.npz,HARD,hyperbolic,0.293051153421402,1.932363748550415,1,1
GJqSBf6p8qg_0_s2_f3_0246.npz,HARD,hyperbolic,0.24251694977283478,3.434483051300049,1,1
GJqSBf6p8qg_0_s2_f4_0247.npz,HARD,hyperbolic,0.2585430443286896,3.0832273960113525,1,1
GsfG9ZC8rUU_0_s0_f0_0269.npz,HARD,hyperbolic,0.1300264298915863,3.557408332824707,1,1
GsfG9ZC8rUU_0_s0_f1_0270.npz,HARD,hyperbolic,0.08233051747083664,3.3767290115356445,1,1
GsfG9ZC8rUU_0_s0_f2_0271.npz,HARD,hyperbolic,0.02534649334847927,3.0368545055389404,1,1
GsfG9ZC8rUU_0_s1_f0_0272.npz,HARD,hyperbolic,0.11230056839329856,0.3118515270096915,7,7
GsfG9ZC8rUU_0_s1_f1_0273.npz,HARD,hyperbolic,0.0632633950561285,0.5207005858421325,5,5
GsfG9ZC8rUU_0_s1_f2_0274.npz,HARD,hyperbolic,0.11556907766498625,0.27402152493596077,8,8
GsfG9ZC8rUU_0_s2_f0_0275.npz,HARD,hyperbolic,0.06569246794097125,0.11471462488174439,25,25
GsfG9ZC8rUU_0_s2_f1_0276.npz,HARD,hyperbolic,0.07673126742627252,0.08036378858720555,34,34
GsfG9ZC8rUU_0_s2_f2_0277.npz,HARD,hyperbolic,0.08606214596536653,0.09413347932799108,29,29
I8K17mzV-QU_0_s0_f1_0278.npz,HARD,hyperbolic,0.016413111239671707,4.461179733276367,1,1
I8K17mzV-QU_0_s1_f0_0279.npz,HARD,hyperbolic,0.11646360903978348,1.5898854732513428,2,2
I8K17mzV-QU_0_s1_f1_0280.npz,HARD,hyperbolic,0.014758790843188763,4.625410556793213,1,1
I8K17mzV-QU_0_s1_f2_0281.npz,HARD,hyperbolic,0.07976684222618739,1.089819033940633,3,3
I8K17mzV-QU_0_s1_f3_0282.npz,HARD,hyperbolic,0.20776238292455673,1.499000072479248,2,2
I8K17mzV-QU_0_s1_f4_0283.npz,HARD,hyperbolic,0.11359042674303055,3.9159717559814453,1,1
I8K17mzV-QU_0_s2_f0_0284.npz,HARD,hyperbolic,0.09255326831979412,0.46473479696682524,7,7
I8K17mzV-QU_0_s2_f1_0285.npz,HARD,hyperbolic,0.055903736889983215,0.6154764890670776,6,6
I8K17mzV-QU_0_s2_f2_0286.npz,HARD,hyperbolic,0.07462062570266426,0.4775013327598572,7,7
I8K17mzV-QU_0_s2_f3_0287.npz,HARD,hyperbolic,0.05910895168781281,0.7632087588310241,5,5
I8K17mzV-QU_0_s2_f4_0288.npz,HARD,hyperbolic,0.11449738424271345,0.7204429268836975,5,5
Kd42SbTQv2U_11_s0_f0_0289.npz,HARD,hyperbolic,0.12615877389907837,2.674405336380005,1,1
Kd42SbTQv2U_11_s0_f2_0290.npz,HARD,hyperbolic,0.02333824709057808,3.534604549407959,1,1
Kd42SbTQv2U_11_s0_f3_0291.npz,HARD,hyperbolic,0.27017730474472046,2.380201578140259,1,1
Kd42SbTQv2U_11_s0_f4_0292.npz,HARD,hyperbolic,0.2059616595506668,2.6827287673950195,1,1
Kd42SbTQv2U_11_s1_f0_0293.npz,HARD,hyperbolic,0.048423051834106445,1.329125165939331,2,2
Kd42SbTQv2U_11_s1_f1_0294.npz,HARD,hyperbolic,0.5527867674827576,2.5633981227874756,1,1
Kd42SbTQv2U_11_s1_f2_0295.npz,HARD,hyperbolic,0.11294765793718398,0.32132015377283096,8,8
Kd42SbTQv2U_11_s1_f3_0296.npz,HARD,hyperbolic,0.17190881446003914,0.9193194210529327,2,2
Kd42SbTQv2U_11_s1_f4_0297.npz,HARD,hyperbolic,0.27242548763751984,0.8181901772816976,3,3
Kd42SbTQv2U_11_s2_f0_0298.npz,HARD,hyperbolic,0.12591655040159822,0.21055273804813623,16,16
Kd42SbTQv2U_11_s2_f1_0299.npz,HARD,hyperbolic,0.04067879701033235,0.34520711898803713,10,10
Kd42SbTQv2U_11_s2_f2_0300.npz,HARD,hyperbolic,0.1086131670512259,0.1630123771727085,20,20
Kd42SbTQv2U_11_s2_f3_0301.npz,HARD,hyperbolic,0.06073712988290936,0.11072505504957267,28,28
Kd42SbTQv2U_11_s2_f4_0302.npz,HARD,hyperbolic,0.07339525811507233,0.5142123784337725,7,7
OPXHT-rt5BQ_1_s0_f1_0357.npz,HARD,hyperbolic,0.20707378536462784,1.0484052300453186,2,2
OPXHT-rt5BQ_1_s0_f4_0358.npz,HARD,hyperbolic,0.2588537931442261,3.3970530033111572,1,1
OPXHT-rt5BQ_1_s1_f0_0359.npz,HARD,hyperbolic,0.09272211603820324,0.7870821952819824,3,3
OPXHT-rt5BQ_1_s1_f1_0360.npz,HARD,hyperbolic,0.026400478556752205,2.542482614517212,1,1
OPXHT-rt5BQ_1_s1_f2_0361.npz,HARD,hyperbolic,0.09615822384754817,1.112902859846751,3,3
OPXHT-rt5BQ_1_s1_f3_0362.npz,HARD,hyperbolic,0.1122639427582423,0.45160288115342456,6,6
OPXHT-rt5BQ_1_s1_f4_0363.npz,HARD,hyperbolic,0.14228965554918563,0.5212573749678475,7,7
OPXHT-rt5BQ_1_s2_f0_0364.npz,HARD,hyperbolic,0.07011622480455447,0.15444636311043392,22,22
OPXHT-rt5BQ_1_s2_f1_0365.npz,HARD,hyperbolic,0.05949964257888496,0.17090143547171638,21,21
OPXHT-rt5BQ_1_s2_f2_0366.npz,HARD,hyperbolic,0.07799317741766572,0.13383378833532333,25,25
OPXHT-rt5BQ_1_s2_f3_0367.npz,HARD,hyperbolic,0.07201033816783733,0.1790337044568289,21,21
OPXHT-rt5BQ_1_s2_f4_0368.npz,HARD,hyperbolic,0.05935657793337381,0.18645002536083521,19,19
OfcjlybYwFs_2_s0_f0_0349.npz,HARD,hyperbolic,0.0754459947347641,3.0491693019866943,1,1
OfcjlybYwFs_2_s0_f1_0350.npz,HARD,hyperbolic,0.16613245010375977,3.0824124813079834,1,1
OfcjlybYwFs_2_s1_f0_0351.npz,HARD,hyperbolic,0.11020085867494345,0.3535100569327672,6,6
OfcjlybYwFs_2_s1_f1_0352.npz,HARD,hyperbolic,0.05994859337806702,2.4856925010681152,1,1
OfcjlybYwFs_2_s1_f4_0353.npz,HARD,hyperbolic,0.38036955893039703,0.630618542432785,4,4
OfcjlybYwFs_2_s2_f0_0354.npz,HARD,hyperbolic,0.10542076061634968,0.12539402054001889,24,24
OfcjlybYwFs_2_s2_f1_0355.npz,HARD,hyperbolic,0.12510925892274827,0.5041060335934162,8,8
OfcjlybYwFs_2_s2_f4_0356.npz,HARD,hyperbolic,0.08109377650544047,0.3063995582716806,14,14
Ox7OpIu5CLI_1_s0_f0_0369.npz,HARD,hyperbolic,0.313595175743103,2.0806994438171387,1,1
Ox7OpIu5CLI_1_s0_f3_0370.npz,HARD,hyperbolic,0.3476589769124985,1.1567510962486267,2,2
Ox7OpIu5CLI_1_s1_f0_0371.npz,HARD,hyperbolic,0.1912507021001407,0.3752050825527736,7,7
Ox7OpIu5CLI_1_s1_f1_0372.npz,HARD,hyperbolic,0.19868989940732718,0.3425338678061962,8,8
Ox7OpIu5CLI_1_s1_f2_0373.npz,HARD,hyperbolic,0.13134383037686348,2.056736648082733,2,2
Ox7OpIu5CLI_1_s1_f3_0374.npz,HARD,hyperbolic,0.13860928212913373,0.47939914961655933,6,6
Ox7OpIu5CLI_1_s1_f4_0375.npz,HARD,hyperbolic,0.06812936812639236,2.1657004356384277,1,1
Ox7OpIu5CLI_1_s2_f0_0376.npz,HARD,hyperbolic,0.12846356444060802,0.13891090549852536,23,23
Ox7OpIu5CLI_1_s2_f1_0377.npz,HARD,hyperbolic,0.1725350641645491,0.34267212450504303,8,8
Ox7OpIu5CLI_1_s2_f2_0378.npz,HARD,hyperbolic,0.06416560585300128,0.2650902681052685,12,12
Ox7OpIu5CLI_1_s2_f3_0379.npz,HARD,hyperbolic,0.17392901189270474,0.13883609253735768,21,21
Ox7OpIu5CLI_1_s2_f4_0380.npz,HARD,hyperbolic,0.07731115896450846,0.184196521969218,19,19
Ox7OpIu5CLI_6_s0_f3_0381.npz,HARD,hyperbolic,0.12032201141119003,3.2210311889648438,1,1
Ox7OpIu5CLI_6_s1_f3_0382.npz,HARD,hyperbolic,0.09090363736807679,1.0681745012601216,3,3
Ox7OpIu5CLI_6_s2_f3_0383.npz,HARD,hyperbolic,0.09661892149597406,0.2168623972684145,16,16
Ox7OpIu5CLI_7_s0_f0_0384.npz,HARD,hyperbolic,0.15822383388876915,1.6616606712341309,2,2
Ox7OpIu5CLI_7_s0_f2_0385.npz,HARD,hyperbolic,0.11429790283242862,1.3270256519317627,3,3
Ox7OpIu5CLI_7_s0_f3_0386.npz,HARD,hyperbolic,0.06513410806655884,4.626976013183594,1,1
Ox7OpIu5CLI_7_s1_f0_0387.npz,HARD,hyperbolic,0.22698588948696852,1.7215977311134338,2,2
Ox7OpIu5CLI_7_s1_f1_0388.npz,HARD,hyperbolic,0.1056297104805708,0.25377653373612297,9,9
Ox7OpIu5CLI_7_s1_f2_0389.npz,HARD,hyperbolic,0.05205259555950761,0.5172815561294556,5,5
Ox7OpIu5CLI_7_s1_f3_0390.npz,HARD,hyperbolic,0.07461057386050622,0.4734463344017665,6,6
Ox7OpIu5CLI_7_s1_f4_0391.npz,HARD,hyperbolic,0.11746148765087128,1.0820770859718323,3,3
Ox7OpIu5CLI_7_s2_f0_0392.npz,HARD,hyperbolic,0.09381008549378468,0.2666304547053117,13,13
Ox7OpIu5CLI_7_s2_f1_0393.npz,HARD,hyperbolic,0.10623958730138838,0.21250213044030325,14,14
Ox7OpIu5CLI_7_s2_f2_0394.npz,HARD,hyperbolic,0.07297466089949012,0.13698465862999792,23,23
Ox7OpIu5CLI_7_s2_f3_0395.npz,HARD,hyperbolic,0.13134209673713754,0.10802229880182831,27,27
Ox7OpIu5CLI_7_s2_f4_0396.npz,HARD,hyperbolic,0.056508903107088476,0.2036915421485901,18,18
PDhRwjqN83U_0_s0_f0_0397.npz,HARD,hyperbolic,0.07568893613643013,2.104772686958313,2,2
PDhRwjqN83U_0_s0_f1_0398.npz,HARD,hyperbolic,0.12822724878787994,2.865635871887207,1,1
PDhRwjqN83U_0_s0_f2_0399.npz,HARD,hyperbolic,0.08232760429382324,1.9927141666412354,1,1
PDhRwjqN83U_0_s0_f3_0400.npz,HARD,hyperbolic,0.08964141458272934,3.3891894817352295,1,1
PDhRwjqN83U_0_s0_f4_0401.npz,HARD,hyperbolic,0.1209147460758686,2.4531179666519165,2,2
PDhRwjqN83U_0_s1_f0_0402.npz,HARD,hyperbolic,0.082828726968728,0.8912906795740128,4,4
PDhRwjqN83U_0_s1_f1_0403.npz,HARD,hyperbolic,0.06913114090760548,0.9000410636266073,3,3
PDhRwjqN83U_0_s1_f2_0404.npz,HARD,hyperbolic,0.11306810053065419,1.414227843284607,2,2
PDhRwjqN83U_0_s1_f3_0405.npz,HARD,hyperbolic,0.013527573086321354,3.2024147510528564,1,1
PDhRwjqN83U_0_s1_f4_0406.npz,HARD,hyperbolic,0.1807178258895874,1.2503273487091064,2,2
PDhRwjqN83U_0_s2_f0_0407.npz,HARD,hyperbolic,0.09602134162560105,0.35770806670188904,9,9
PDhRwjqN83U_0_s2_f1_0408.npz,HARD,hyperbolic,0.06022005173144862,0.4448469839990139,8,8
PDhRwjqN83U_0_s2_f2_0409.npz,HARD,hyperbolic,0.09290869658191998,0.16669831424951553,21,21
PDhRwjqN83U_0_s2_f3_0410.npz,HARD,hyperbolic,0.08571700940632986,0.4070453875594669,9,9
PDhRwjqN83U_0_s2_f4_0411.npz,HARD,hyperbolic,0.08914584431331604,0.3477959409356117,10,10
QYvhdbgEJPM_0_s0_f2_0445.npz,HARD,hyperbolic,0.06835249019786716,1.3360316157341003,2,2
QYvhdbgEJPM_0_s0_f4_0446.npz,HARD,hyperbolic,0.17760271113365889,2.017465591430664,2,2
QYvhdbgEJPM_0_s1_f0_0447.npz,HARD,hyperbolic,0.15461956709623337,0.5804791867733001,5,5
QYvhdbgEJPM_0_s1_f1_0448.npz,HARD,hyperbolic,0.08665187408526738,1.3046200672785442,3,3
QYvhdbgEJPM_0_s1_f2_0449.npz,HARD,hyperbolic,0.08374492141107719,0.44247881571451825,6,6
QYvhdbgEJPM_0_s1_f3_0450.npz,HARD,hyperbolic,0.02700122119858861,2.3204638957977295,2,2
QYvhdbgEJPM_0_s1_f4_0451.npz,HARD,hyperbolic,0.09786883741617203,1.5321658849716187,2,2
QYvhdbgEJPM_0_s2_f0_0452.npz,HARD,hyperbolic,0.07531240805983544,0.3628349110484123,10,10
QYvhdbgEJPM_0_s2_f1_0453.npz,HARD,hyperbolic,0.14200065284967422,2.1479218006134033,2,2
QYvhdbgEJPM_0_s2_f2_0454.npz,HARD,hyperbolic,0.08070455309435991,0.09163345063903502,28,28
QYvhdbgEJPM_0_s2_f3_0455.npz,HARD,hyperbolic,0.06153074186295271,0.9286121875047684,4,4
QYvhdbgEJPM_0_s2_f4_0456.npz,HARD,hyperbolic,0.1401718030018466,0.4127440367426191,7,7
SWLG_3suH7w_0_s0_f2_0497.npz,HARD,hyperbolic,0.23777899146080017,4.294246196746826,1,1
SWLG_3suH7w_0_s0_f4_0498.npz,HARD,hyperbolic,0.35858991742134094,4.13589334487915,1,1
SWLG_3suH7w_0_s1_f0_0499.npz,HARD,hyperbolic,0.09605198092758656,0.5999656200408936,5,5
SWLG_3suH7w_0_s1_f2_0500.npz,HARD,hyperbolic,0.23338698844114938,0.9527205427487692,3,3
SWLG_3suH7w_0_s1_f3_0501.npz,HARD,hyperbolic,0.09177282452583313,4.118799686431885,1,1
SWLG_3suH7w_0_s1_f4_0502.npz,HARD,hyperbolic,0.15357469022274017,2.129514455795288,1,1
SWLG_3suH7w_0_s2_f0_0503.npz,HARD,hyperbolic,0.063528727251105,0.09164949829379718,30,30
SWLG_3suH7w_0_s2_f1_0504.npz,HARD,hyperbolic,0.05599517934024334,0.5152728259563446,6,6
SWLG_3suH7w_0_s2_f2_0505.npz,HARD,hyperbolic,0.0907703002449125,0.46384921111166477,8,8
SWLG_3suH7w_0_s2_f3_0506.npz,HARD,hyperbolic,0.05331334782143434,0.6141454676787058,6,6
SWLG_3suH7w_0_s2_f4_0507.npz,HARD,hyperbolic,0.10182484949473292,0.4372672475874424,8,8
TeLISCmZ_w4_4_s0_f0_0508.npz,HARD,hyperbolic,0.2280874401330948,2.3806259632110596,1,1
TeLISCmZ_w4_4_s0_f1_0509.npz,HARD,hyperbolic,0.30168965458869934,4.289242267608643,1,1
TeLISCmZ_w4_4_s1_f0_0510.npz,HARD,hyperbolic,0.3879320025444031,2.4775006771087646,1,1
TeLISCmZ_w4_4_s1_f1_0511.npz,HARD,hyperbolic,0.1568025747934977,1.0039595365524292,3,3
TeLISCmZ_w4_4_s1_f3_0512.npz,HARD,hyperbolic,0.15460174158215523,1.5626882910728455,2,2
TeLISCmZ_w4_4_s1_f4_0513.npz,HARD,hyperbolic,0.1621602177619934,2.0205657482147217,1,1
TeLISCmZ_w4_4_s2_f0_0514.npz,HARD,hyperbolic,0.053484536707401276,4.1119866371154785,1,1
TeLISCmZ_w4_4_s2_f1_0515.npz,HARD,hyperbolic,0.07244191262871028,0.7367717742919921,5,5
TeLISCmZ_w4_4_s2_f2_0516.npz,HARD,hyperbolic,0.08146564802154899,0.5647311849253518,7,7
TeLISCmZ_w4_4_s2_f3_0517.npz,HARD,hyperbolic,0.05557415168732405,0.680084154009819,6,6
TeLISCmZ_w4_4_s2_f4_0518.npz,HARD,hyperbolic,0.05418627550402148,0.17324674434282564,22,22
UsTf7brftGg_0_s0_f3_0544.npz,HARD,hyperbolic,0.06180066242814064,1.958384096622467,2,2
UsTf7brftGg_0_s0_f4_0545.npz,HARD,hyperbolic,0.10967975109815598,2.1412124633789062,1,1
UsTf7brftGg_0_s1_f0_0546.npz,HARD,hyperbolic,0.0735419900673959,0.37155211468537647,9,9
UsTf7brftGg_0_s1_f1_0547.npz,HARD,hyperbolic,0.07302355642120044,0.8956937293211619,3,3
UsTf7brftGg_0_s1_f2_0548.npz,HARD,hyperbolic,0.1550330345829328,0.44090128938357037,6,6
UsTf7brftGg_0_s1_f3_0549.npz,HARD,hyperbolic,0.06391367316246033,4.114767074584961,1,1
UsTf7brftGg_0_s1_f4_0550.npz,HARD,hyperbolic,0.052413931116461754,1.1670316457748413,2,2
UsTf7brftGg_0_s2_f0_0551.npz,HARD,hyperbolic,0.11067252694384049,0.15239945877539485,19,19
UsTf7brftGg_0_s2_f1_0552.npz,HARD,hyperbolic,0.09539857755104701,0.25146011263132095,12,12
UsTf7brftGg_0_s2_f2_0553.npz,HARD,hyperbolic,0.13473003305908707,0.16577067640092638,18,18
UsTf7brftGg_0_s2_f3_0554.npz,HARD,hyperbolic,0.10536859290940422,0.5770485017980848,7,7
UsTf7brftGg_0_s2_f4_0555.npz,HARD,hyperbolic,0.07367766151825587,0.6896805713574091,6,6
UtBQrBLsTQY_3_s0_f0_0556.npz,HARD,hyperbolic,0.20699340105056763,2.00016450881958,1,1
UtBQrBLsTQY_3_s0_f3_0557.npz,HARD,hyperbolic,0.036297619342803955,5.355648994445801,1,1
UtBQrBLsTQY_3_s0_f4_0558.npz,HARD,hyperbolic,0.2549585700035095,2.2826902866363525,1,1
UtBQrBLsTQY_3_s1_f0_0559.npz,HARD,hyperbolic,0.058062005788087845,2.8353140354156494,1,1
UtBQrBLsTQY_3_s1_f1_0560.npz,HARD,hyperbolic,0.1597042754292488,0.8137227892875671,3,3
UtBQrBLsTQY_3_s1_f2_0561.npz,HARD,hyperbolic,0.10659923974890262,0.6313056449095408,6,6
UtBQrBLsTQY_3_s1_f3_0562.npz,HARD,hyperbolic,0.06377960741519928,1.0531956950823467,3,3
UtBQrBLsTQY_3_s1_f4_0563.npz,HARD,hyperbolic,0.07003041946639617,0.820071796576182,3,3
UtBQrBLsTQY_3_s2_f0_0564.npz,HARD,hyperbolic,0.10885717429586553,0.2174773524914469,14,14
UtBQrBLsTQY_3_s2_f1_0565.npz,HARD,hyperbolic,0.09418725005040567,0.25642137974500656,12,12
UtBQrBLsTQY_3_s2_f2_0566.npz,HARD,hyperbolic,0.12021509593782517,0.24113316604724297,13,13
UtBQrBLsTQY_3_s2_f3_0567.npz,HARD,hyperbolic,0.08964903011090225,0.36692891187138027,9,9
UtBQrBLsTQY_3_s2_f4_0568.npz,HARD,hyperbolic,0.07767831246532939,0.19234525719109705,17,17
V9JdDs7RK3c_1_s0_f2_0569.npz,HARD,hyperbolic,0.07819794490933418,1.1927795708179474,2,2
V9JdDs7RK3c_1_s0_f3_0570.npz,HARD,hyperbolic,0.045148737728595734,3.1956875324249268,1,1
V9JdDs7RK3c_1_s0_f4_0571.npz,HARD,hyperbolic,0.26411840319633484,2.698927640914917,1,1
V9JdDs7RK3c_1_s1_f0_0572.npz,HARD,hyperbolic,0.16715496219694614,0.27074381336569786,8,8
V9JdDs7RK3c_1_s1_f1_0573.npz,HARD,hyperbolic,0.13105658441781998,1.5720030069351196,2,2
V9JdDs7RK3c_1_s1_f2_0574.npz,HARD,hyperbolic,0.07827307440207473,0.4549830896513803,7,7
V9JdDs7RK3c_1_s1_f3_0575.npz,HARD,hyperbolic,0.06054535839292738,0.33243104484346175,9,9
V9JdDs7RK3c_1_s1_f4_0576.npz,HARD,hyperbolic,0.04500894621014595,1.8503544926643372,2,2
V9JdDs7RK3c_1_s2_f0_0577.npz,HARD,hyperbolic,0.08530941272620111,0.08178772768005729,40,40
V9JdDs7RK3c_1_s2_f1_0578.npz,HARD,hyperbolic,0.0995223019272089,1.2388786673545837,4,4
V9JdDs7RK3c_1_s2_f2_0579.npz,HARD,hyperbolic,0.0709336935297439,0.20349335944966265,19,19
V9JdDs7RK3c_1_s2_f3_0580.npz,HARD,hyperbolic,0.08362400860836108,0.2297813594341278,15,15
V9JdDs7RK3c_1_s2_f4_0581.npz,HARD,hyperbolic,0.09824545897374098,0.35485863414677704,11,11
Vwdib3HWRBI_0_s0_f0_0582.npz,HARD,hyperbolic,0.21573452651500702,3.154142379760742,1,1
Vwdib3HWRBI_0_s0_f1_0583.npz,HARD,hyperbolic,0.00654578348621726,3.741748809814453,1,1
Vwdib3HWRBI_0_s0_f2_0584.npz,HARD,hyperbolic,0.07678621572752793,1.3172269463539124,3,3
Vwdib3HWRBI_0_s0_f3_0585.npz,HARD,hyperbolic,0.1627481346949935,0.9871272842089335,3,3
Vwdib3HWRBI_0_s1_f0_0586.npz,HARD,hyperbolic,0.26686227321624756,2.143672466278076,1,1
Vwdib3HWRBI_0_s1_f1_0587.npz,HARD,hyperbolic,0.21295787890752158,0.7575549880663554,3,3
Vwdib3HWRBI_0_s1_f2_0588.npz,HARD,hyperbolic,0.18728831907113394,1.0722238024075825,3,3
Vwdib3HWRBI_0_s1_f3_0589.npz,HARD,hyperbolic,0.14893347769975662,1.4533288478851318,2,2
Vwdib3HWRBI_0_s1_f4_0590.npz,HARD,hyperbolic,0.14554785378277302,0.9721221327781677,2,2
Vwdib3HWRBI_0_s2_f0_0591.npz,HARD,hyperbolic,0.1082653507844291,0.28771826895800506,11,11
Vwdib3HWRBI_0_s2_f1_0592.npz,HARD,hyperbolic,0.09179847121482626,0.18081381349336534,21,21
Vwdib3HWRBI_0_s2_f2_0593.npz,HARD,hyperbolic,0.08090095175430179,0.8593234270811081,4,4
Vwdib3HWRBI_0_s2_f3_0594.npz,HARD,hyperbolic,0.08948283479548991,0.19285676814615726,20,20
Vwdib3HWRBI_0_s2_f4_0595.npz,HARD,hyperbolic,0.11334240511059761,0.7103520035743713,5,5
WjyvwX_nZ6Y_0_s0_f3_0596.npz,HARD,hyperbolic,0.08689618110656738,3.298478364944458,1,1
WjyvwX_nZ6Y_0_s1_f0_0597.npz,HARD,hyperbolic,0.2047707587480545,3.04665470123291,1,1
WjyvwX_nZ6Y_0_s1_f1_0598.npz,HARD,hyperbolic,0.24738122522830963,0.5216515064239502,4,4
WjyvwX_nZ6Y_0_s1_f2_0599.npz,HARD,hyperbolic,0.14683785227437815,0.43850134313106537,6,6
WjyvwX_nZ6Y_0_s1_f3_0600.npz,HARD,hyperbolic,0.10191669563452403,1.0164411266644795,3,3
WjyvwX_nZ6Y_0_s1_f4_0601.npz,HARD,hyperbolic,0.13452337626367808,0.5119084060192108,5,5
WjyvwX_nZ6Y_0_s2_f0_0602.npz,HARD,hyperbolic,0.11024725963361562,0.33853516429662706,10,10
WjyvwX_nZ6Y_0_s2_f1_0603.npz,HARD,hyperbolic,0.09897219925187528,0.17988177802827623,18,18
WjyvwX_nZ6Y_0_s2_f2_0604.npz,HARD,hyperbolic,0.09901604696642607,0.18418477475643158,19,19
WjyvwX_nZ6Y_0_s2_f3_0605.npz,HARD,hyperbolic,0.08999398626786258,0.24199143371411733,14,14
WjyvwX_nZ6Y_0_s2_f4_0606.npz,HARD,hyperbolic,0.10385324844780068,0.2832256779074669,12,12
YYbShzoZWRo_16_s0_f1_0659.npz,HARD,hyperbolic,0.3430742621421814,1.9276281595230103,1,1
YYbShzoZWRo_16_s0_f3_0660.npz,HARD,hyperbolic,0.15759584307670593,3.644810199737549,1,1
YYbShzoZWRo_16_s1_f0_0661.npz,HARD,hyperbolic,0.1371436541279157,0.3618626097838084,6,6
YYbShzoZWRo_16_s1_f1_0662.npz,HARD,hyperbolic,0.1248466344550252,0.5090474039316177,6,6
YYbShzoZWRo_16_s1_f2_0663.npz,HARD,hyperbolic,0.12160154680411021,0.9828218420346578,3,3
YYbShzoZWRo_16_s1_f3_0664.npz,HARD,hyperbolic,0.15781100591023764,0.9680031339327494,3,3
YYbShzoZWRo_16_s1_f4_0665.npz,HARD,hyperbolic,0.14724424201995134,0.768727645277977,4,4
YYbShzoZWRo_16_s2_f0_0666.npz,HARD,hyperbolic,0.07694765246616533,0.2663875302443138,13,13
YYbShzoZWRo_16_s2_f1_0667.npz,HARD,hyperbolic,0.07936204380045335,0.3190183738867442,12,12
YYbShzoZWRo_16_s2_f2_0668.npz,HARD,hyperbolic,0.06935752301668639,0.22721312940120697,17,17
YYbShzoZWRo_16_s2_f3_0669.npz,HARD,hyperbolic,0.1291858611198572,0.29535476061014027,13,13
YYbShzoZWRo_16_s2_f4_0670.npz,HARD,hyperbolic,0.05892350047826767,0.17618949770927428,25,25
YYbShzoZWRo_25_s0_f3_0671.npz,HARD,hyperbolic,0.10016132891178131,4.057029724121094,1,1
YYbShzoZWRo_25_s0_f4_0672.npz,HARD,hyperbolic,0.22967982292175293,1.5140325427055359,2,2
YYbShzoZWRo_25_s1_f0_0673.npz,HARD,hyperbolic,0.18526974320411682,0.5028556361794472,4,4
YYbShzoZWRo_25_s1_f1_0674.npz,HARD,hyperbolic,0.20365839451551437,0.6386999487876892,4,4
YYbShzoZWRo_25_s1_f2_0675.npz,HARD,hyperbolic,0.10180346171061198,1.0064516464869182,3,3
YYbShzoZWRo_25_s1_f3_0676.npz,HARD,hyperbolic,0.11083634896203876,0.5636706501245499,4,4
YYbShzoZWRo_25_s1_f4_0677.npz,HARD,hyperbolic,0.056543461978435516,2.5791759490966797,1,1
YYbShzoZWRo_25_s2_f0_0678.npz,HARD,hyperbolic,0.10984092247154978,0.3668207178513209,9,9
YYbShzoZWRo_25_s2_f1_0679.npz,HARD,hyperbolic,0.1255481823214463,0.4646412857941219,7,7
YYbShzoZWRo_25_s2_f2_0680.npz,HARD,hyperbolic,0.0653593169990927,0.313618503510952,12,12
YYbShzoZWRo_25_s2_f3_0681.npz,HARD,hyperbolic,0.051428887294605374,0.31009121239185333,12,12
YYbShzoZWRo_25_s2_f4_0682.npz,HARD,hyperbolic,0.09774344973266125,0.43240852281451225,8,8
YYbShzoZWRo_26_s0_f0_0683.npz,HARD,hyperbolic,0.15464537714918455,1.1499906380971272,3,3
YYbShzoZWRo_26_s0_f3_0684.npz,HARD,hyperbolic,0.0435863378806971,1.8097280859947205,2,2
YYbShzoZWRo_26_s0_f4_0685.npz,HARD,hyperbolic,0.16751940548419952,1.6612972617149353,2,2
YYbShzoZWRo_26_s1_f0_0686.npz,HARD,hyperbolic,0.07733417054017384,0.8563738266626993,3,3
YYbShzoZWRo_26_s1_f3_0687.npz,HARD,hyperbolic,0.03952624276280403,3.7170145511627197,1,1
YYbShzoZWRo_26_s1_f4_0688.npz,HARD,hyperbolic,0.12330868318676949,0.2533754646778107,10,10
YYbShzoZWRo_26_s2_f0_0689.npz,HARD,hyperbolic,0.07097909692674875,0.2779655470089479,11,11
YYbShzoZWRo_26_s2_f3_0690.npz,HARD,hyperbolic,0.0575973950617481,0.2223112154752016,16,16
YYbShzoZWRo_26_s2_f4_0691.npz,HARD,hyperbolic,0.08392520807683468,0.28179741822756255,13,13
YYbShzoZWRo_3_s0_f0_0692.npz,HARD,hyperbolic,0.15497814118862152,4.364571571350098,1,1
YYbShzoZWRo_3_s0_f4_0693.npz,HARD,hyperbolic,0.2802887558937073,2.757528781890869,1,1
YYbShzoZWRo_3_s1_f0_0694.npz,HARD,hyperbolic,0.2020731819793582,0.7058426663279533,4,4
YYbShzoZWRo_3_s1_f1_0695.npz,HARD,hyperbolic,0.2501574531197548,0.625136099755764,4,4
YYbShzoZWRo_3_s1_f4_0696.npz,HARD,hyperbolic,0.21598827838897705,0.4824569722016652,6,6
YYbShzoZWRo_3_s2_f0_0697.npz,HARD,hyperbolic,0.0900635197137793,0.22661831676959993,15,15
YYbShzoZWRo_3_s2_f1_0698.npz,HARD,hyperbolic,0.07580474857240915,0.9071076512336731,4,4
YYbShzoZWRo_3_s2_f4_0699.npz,HARD,hyperbolic,0.12111306345711152,0.28141722331444424,12,12
ZedzGfGN1tk_1_s0_f0_0700.npz,HARD,hyperbolic,0.034598831087350845,2.988558053970337,1,1
ZedzGfGN1tk_1_s0_f2_0701.npz,HARD,hyperbolic,0.009754917584359646,3.2493786811828613,1,1
ZedzGfGN1tk_1_s0_f3_0702.npz,HARD,hyperbolic,0.028834227472543716,3.2138500213623047,1,1
ZedzGfGN1tk_1_s1_f0_0703.npz,HARD,hyperbolic,0.11476320773363113,1.742537498474121,1,1
ZedzGfGN1tk_1_s1_f1_0704.npz,HARD,hyperbolic,0.18245352804660797,0.6890773375829061,3,3
ZedzGfGN1tk_1_s1_f2_0705.npz,HARD,hyperbolic,0.21322856843471527,2.529637336730957,1,1
ZedzGfGN1tk_1_s1_f4_0706.npz,HARD,hyperbolic,0.22177651524543762,0.9311988651752472,2,2
ZedzGfGN1tk_1_s2_f0_0707.npz,HARD,hyperbolic,0.132362418808043,0.15843823030591012,20,20
ZedzGfGN1tk_1_s2_f1_0708.npz,HARD,hyperbolic,0.09453230371905698,0.19158311271005207,18,18
ZedzGfGN1tk_1_s2_f2_0709.npz,HARD,hyperbolic,0.10151421651244164,0.23106092115243276,15,15
ZedzGfGN1tk_1_s2_f3_0710.npz,HARD,hyperbolic,0.15374076490600905,0.1701061473124557,18,18
ZedzGfGN1tk_1_s2_f4_0711.npz,HARD,hyperbolic,0.10009704693220556,0.17850887179374694,20,20
_fvpYLXtQHQ_1_s0_f3_0000.npz,HARD,hyperbolic,0.3532155305147171,1.0589626133441925,2,2
_fvpYLXtQHQ_1_s0_f4_0001.npz,HARD,hyperbolic,0.17978619039058685,1.9302489757537842,1,1
_fvpYLXtQHQ_1_s1_f0_0002.npz,HARD,hyperbolic,0.31235451996326447,1.6434168815612793,2,2
_fvpYLXtQHQ_1_s1_f1_0003.npz,HARD,hyperbolic,0.24546325206756592,1.5628500580787659,2,2
_fvpYLXtQHQ_1_s1_f2_0004.npz,HARD,hyperbolic,0.2740029841661453,0.6020030155777931,4,4
_fvpYLXtQHQ_1_s1_f3_0005.npz,HARD,hyperbolic,0.06149674719199538,0.7102268785238266,4,4
_fvpYLXtQHQ_1_s1_f4_0006.npz,HARD,hyperbolic,0.09943037666380405,0.4726650595664978,5,5
_fvpYLXtQHQ_1_s2_f0_0007.npz,HARD,hyperbolic,0.16873824720581374,0.39158548911412555,9,9
_fvpYLXtQHQ_1_s2_f1_0008.npz,HARD,hyperbolic,0.20750422988619124,0.5243574678897858,7,7
_fvpYLXtQHQ_1_s2_f2_0009.npz,HARD,hyperbolic,0.15931189308563867,0.5593356937170029,6,6
_fvpYLXtQHQ_1_s2_f3_0010.npz,HARD,hyperbolic,0.1176524901141723,0.2855138878027598,12,12
_fvpYLXtQHQ_1_s2_f4_0011.npz,HARD,hyperbolic,0.14411227287430511,0.12420868755955446,19,19
bhDqxWQUIXg_1_s0_f0_0110.npz,HARD,hyperbolic,0.26521074771881104,5.164130687713623,1,1
bhDqxWQUIXg_1_s0_f2_0111.npz,HARD,hyperbolic,0.22438213229179382,4.487706661224365,1,1
bhDqxWQUIXg_1_s0_f4_0112.npz,HARD,hyperbolic,0.20325561612844467,2.639984369277954,2,2
bhDqxWQUIXg_1_s1_f0_0113.npz,HARD,hyperbolic,0.1285668487350146,1.0402804215749104,3,3
bhDqxWQUIXg_1_s1_f1_0114.npz,HARD,hyperbolic,0.16647171477476755,0.9377646644910177,3,3
bhDqxWQUIXg_1_s1_f2_0115.npz,HARD,hyperbolic,0.17058059573173523,1.428391933441162,2,2
bhDqxWQUIXg_1_s1_f3_0116.npz,HARD,hyperbolic,0.17188805900514126,0.6836340874433517,4,4
bhDqxWQUIXg_1_s1_f4_0117.npz,HARD,hyperbolic,0.16773483902215958,1.4571645855903625,2,2
bhDqxWQUIXg_1_s2_f0_0118.npz,HARD,hyperbolic,0.22103826453288397,0.586715430021286,6,6
bhDqxWQUIXg_1_s2_f1_0119.npz,HARD,hyperbolic,0.1471378058195114,1.8617807030677795,2,2
bhDqxWQUIXg_1_s2_f2_0120.npz,HARD,hyperbolic,0.2062489867210388,0.7420212388038635,5,5
bhDqxWQUIXg_1_s2_f3_0121.npz,HARD,hyperbolic,0.28784483671188354,2.5263400077819824,1,1
bhDqxWQUIXg_1_s2_f4_0122.npz,HARD,hyperbolic,0.18495534857114157,1.1705015500386555,3,3
emLStHiqfyo_2_s1_f0_0186.npz,HARD,hyperbolic,0.12927817553281784,0.9885659217834473,2,2
emLStHiqfyo_2_s1_f1_0187.npz,HARD,hyperbolic,0.16754518014689287,0.895744800567627,3,3
emLStHiqfyo_2_s1_f2_0188.npz,HARD,hyperbolic,0.1969342939555645,1.1714603900909424,2,2
emLStHiqfyo_2_s1_f3_0189.npz,HARD,hyperbolic,0.05318060144782066,3.1066958904266357,1,1
emLStHiqfyo_2_s1_f4_0190.npz,HARD,hyperbolic,0.0906393292049567,1.048336128393809,3,3
emLStHiqfyo_2_s2_f0_0191.npz,HARD,hyperbolic,0.04521069575387698,0.27235666433205974,13,13
emLStHiqfyo_2_s2_f1_0192.npz,HARD,hyperbolic,0.06923515102467857,0.28078341770630616,13,13
emLStHiqfyo_2_s2_f2_0193.npz,HARD,hyperbolic,0.043996223830617964,0.5030957348644733,8,8
emLStHiqfyo_2_s2_f3_0194.npz,HARD,hyperbolic,0.06334272273150938,0.28451404720544815,14,14
emLStHiqfyo_2_s2_f4_0195.npz,HARD,hyperbolic,0.061244584703152735,0.5676017275878361,7,7
gmVP1bAB_Jk_3_s0_f0_0248.npz,HARD,hyperbolic,0.10274210572242737,3.2554402351379395,1,1
gmVP1bAB_Jk_3_s0_f1_0249.npz,HARD,hyperbolic,0.359906405210495,2.110043525695801,1,1
gmVP1bAB_Jk_3_s0_f2_0250.npz,HARD,hyperbolic,0.2641505792737007,0.4491939306259155,5,5
gmVP1bAB_Jk_3_s1_f0_0251.npz,HARD,hyperbolic,0.320512334505717,0.6872730255126953,3,3
gmVP1bAB_Jk_3_s1_f1_0252.npz,HARD,hyperbolic,0.10163366631604731,0.9282311598459879,3,3
gmVP1bAB_Jk_3_s1_f2_0253.npz,HARD,hyperbolic,0.05424616578966379,1.0523191690444946,2,2
gmVP1bAB_Jk_3_s2_f0_0254.npz,HARD,hyperbolic,0.07286917675907413,0.24923332333564757,15,15
gmVP1bAB_Jk_3_s2_f1_0255.npz,HARD,hyperbolic,0.06599283647180225,0.3065168832739194,12,12
gmVP1bAB_Jk_3_s2_f2_0256.npz,HARD,hyperbolic,0.06701674203698833,0.2650260254740715,12,12
gsAoNfN9Pvk_2_s0_f0_0257.npz,HARD,hyperbolic,0.4266839325428009,2.754216194152832,1,1
gsAoNfN9Pvk_2_s0_f1_0258.npz,HARD,hyperbolic,0.4241892397403717,2.963665008544922,1,1
gsAoNfN9Pvk_2_s1_f0_0259.npz,HARD,hyperbolic,0.07992314671476682,0.7115829388300577,3,3
gsAoNfN9Pvk_2_s1_f1_0260.npz,HARD,hyperbolic,0.201772078871727,2.225104808807373,1,1
gsAoNfN9Pvk_2_s1_f2_0261.npz,HARD,hyperbolic,0.02040965110063553,1.6345751285552979,1,1
gsAoNfN9Pvk_2_s1_f3_0262.npz,HARD,hyperbolic,0.11730899661779404,3.1171276569366455,1,1
gsAoNfN9Pvk_2_s1_f4_0263.npz,HARD,hyperbolic,0.13721004175022244,0.7049067318439484,4,4
gsAoNfN9Pvk_2_s2_f0_0264.npz,HARD,hyperbolic,0.0759508866816759,0.3341701552271843,10,10
gsAoNfN9Pvk_2_s2_f1_0265.npz,HARD,hyperbolic,0.07449489086866379,2.0404064655303955,1,1
gsAoNfN9Pvk_2_s2_f2_0266.npz,HARD,hyperbolic,0.08781912410631776,0.3772912211716175,8,8
gsAoNfN9Pvk_2_s2_f3_0267.npz,HARD,hyperbolic,0.081748743645019,0.38446979721387226,9,9
gsAoNfN9Pvk_2_s2_f4_0268.npz,HARD,hyperbolic,0.054118685133289546,0.23440964426845312,16,16
kgw1OadfJWA_s0_f2_0303.npz,HARD,hyperbolic,0.01394746359437704,2.1353704929351807,2,2
kgw1OadfJWA_s1_f0_0304.npz,HARD,hyperbolic,0.05822256244719028,0.5195530951023102,5,5
kgw1OadfJWA_s1_f2_0305.npz,HARD,hyperbolic,0.04444795218296349,0.7840012311935425,4,4
kgw1OadfJWA_s2_f0_0306.npz,HARD,hyperbolic,0.06399431094527244,0.11947454422712327,25,25
kgw1OadfJWA_s2_f2_0307.npz,HARD,hyperbolic,0.08345345567530868,0.08855277119260846,33,33
ljq0lCGKapY_0_s0_f0_0308.npz,HARD,hyperbolic,0.019815677776932716,4.826498508453369,1,1
ljq0lCGKapY_0_s1_f3_0309.npz,HARD,hyperbolic,0.15626537799835205,1.3393308520317078,2,2
ljq0lCGKapY_0_s2_f0_0310.npz,HARD,hyperbolic,0.11548507213592529,1.7299697399139404,1,1
ljq0lCGKapY_0_s2_f2_0311.npz,HARD,hyperbolic,0.12865343689918518,2.927123785018921,1,1
ljq0lCGKapY_0_s2_f3_0312.npz,HARD,hyperbolic,0.20166520774364471,1.5231409072875977,2,2
ljq0lCGKapY_0_s2_f4_0313.npz,HARD,hyperbolic,0.1231708178917567,0.4080046166976293,9,9
nnuN-Zt60TM_0_s0_f1_0314.npz,HARD,hyperbolic,0.13088229671120644,0.7639264225959778,5,5
nnuN-Zt60TM_0_s0_f2_0315.npz,HARD,hyperbolic,0.11223302781581879,3.1447713375091553,1,1
nnuN-Zt60TM_0_s0_f4_0316.npz,HARD,hyperbolic,0.11152213392779231,0.7898322939872742,4,4
nnuN-Zt60TM_0_s1_f0_0317.npz,HARD,hyperbolic,0.0822606235742569,3.472461223602295,1,1
nnuN-Zt60TM_0_s1_f1_0318.npz,HARD,hyperbolic,0.10997305065393448,1.3868277668952942,2,2
nnuN-Zt60TM_0_s1_f2_0319.npz,HARD,hyperbolic,0.16899975575506687,0.40475762883822125,6,6
nnuN-Zt60TM_0_s1_f4_0320.npz,HARD,hyperbolic,0.21193074186642966,1.0169257521629333,3,3
nnuN-Zt60TM_0_s2_f0_0321.npz,HARD,hyperbolic,0.09050341804201405,0.228615403175354,12,12
nnuN-Zt60TM_0_s2_f1_0322.npz,HARD,hyperbolic,0.08133755290978834,0.15209120433581502,19,19
nnuN-Zt60TM_0_s2_f2_0323.npz,HARD,hyperbolic,0.08030583634778547,0.15379145575894249,18,18
nnuN-Zt60TM_0_s2_f3_0324.npz,HARD,hyperbolic,0.06729303913824777,0.31262294616964126,9,9
nnuN-Zt60TM_0_s2_f4_0325.npz,HARD,hyperbolic,0.12604773624075782,0.2838052130407757,9,9
nnuN-Zt60TM_3_s0_f4_0326.npz,HARD,hyperbolic,0.2433082014322281,3.2882943153381348,1,1
nnuN-Zt60TM_3_s1_f2_0327.npz,HARD,hyperbolic,0.3259963095188141,2.757110834121704,1,1
nnuN-Zt60TM_3_s1_f4_0328.npz,HARD,hyperbolic,0.34432220458984375,3.2437961101531982,1,1
nnuN-Zt60TM_3_s2_f0_0329.npz,HARD,hyperbolic,0.3887232542037964,1.6356469988822937,2,2
nnuN-Zt60TM_3_s2_f1_0330.npz,HARD,hyperbolic,0.23370102047920227,1.7796935439109802,2,2
nnuN-Zt60TM_3_s2_f2_0331.npz,HARD,hyperbolic,0.28636227548122406,1.6394736170768738,2,2
nnuN-Zt60TM_3_s2_f3_0332.npz,HARD,hyperbolic,0.26778507232666016,1.7473564743995667,2,2
nnuN-Zt60TM_3_s2_f4_0333.npz,HARD,hyperbolic,0.2229796141386032,0.7110539317131043,5,5
o1bZB4fKv2U_1_s0_f0_0334.npz,HARD,hyperbolic,0.12971001770347357,1.025250107049942,4,4
o1bZB4fKv2U_1_s0_f1_0335.npz,HARD,hyperbolic,0.3957500755786896,2.7464678287506104,1,1
o1bZB4fKv2U_1_s0_f2_0336.npz,HARD,hyperbolic,0.32366541028022766,2.987159490585327,1,1
o1bZB4fKv2U_1_s0_f3_0337.npz,HARD,hyperbolic,0.11801954358816147,3.837862730026245,1,1
o1bZB4fKv2U_1_s0_f4_0338.npz,HARD,hyperbolic,0.19891531765460968,3.0209107398986816,1,1
o1bZB4fKv2U_1_s1_f0_0339.npz,HARD,hyperbolic,0.0689842626452446,1.3845579624176025,2,2
o1bZB4fKv2U_1_s1_f1_0340.npz,HARD,hyperbolic,0.1987306922674179,3.0859694480895996,1,1
o1bZB4fKv2U_1_s1_f2_0341.npz,HARD,hyperbolic,0.15116495452821255,0.8893270492553711,2,2
o1bZB4fKv2U_1_s1_f3_0342.npz,HARD,hyperbolic,0.29239150136709213,1.8805919289588928,2,2
o1bZB4fKv2U_1_s1_f4_0343.npz,HARD,hyperbolic,0.10074002360290085,0.21305995773185382,11,11
o1bZB4fKv2U_1_s2_f0_0344.npz,HARD,hyperbolic,0.13164656050503254,1.4630818367004395,2,2
o1bZB4fKv2U_1_s2_f1_0345.npz,HARD,hyperbolic,0.09428018566382967,0.14926958650998448,23,23
o1bZB4fKv2U_1_s2_f2_0346.npz,HARD,hyperbolic,0.1392591707898598,0.1729892896194207,19,19
o1bZB4fKv2U_1_s2_f3_0347.npz,HARD,hyperbolic,0.09205201398783727,0.15339280211407205,23,23
o1bZB4fKv2U_1_s2_f4_0348.npz,HARD,hyperbolic,0.05509355621269116,0.12569508529626405,26,26
pFLeIwERa8o_s0_f1_0412.npz,HARD,hyperbolic,0.047718074172735214,2.042739152908325,2,2
pFLeIwERa8o_s1_f1_0413.npz,HARD,hyperbolic,0.20805392414331436,0.9426265358924866,2,2
pFLeIwERa8o_s1_f4_0414.npz,HARD,hyperbolic,0.2417629361152649,1.9048141241073608,1,1
pFLeIwERa8o_s2_f1_0415.npz,HARD,hyperbolic,0.13773628456207612,0.20171232355965507,18,18
pFLeIwERa8o_s2_f4_0416.npz,HARD,hyperbolic,0.14173821359872818,0.5159115344285965,6,6
pxa8kn8h5ew_0_s0_f3_0417.npz,HARD,hyperbolic,0.08326147496700287,3.964061975479126,1,1
pxa8kn8h5ew_0_s1_f0_0418.npz,HARD,hyperbolic,0.17725405097007751,1.9133243560791016,1,1
pxa8kn8h5ew_0_s1_f2_0419.npz,HARD,hyperbolic,0.17433514818549156,0.614631786942482,4,4
pxa8kn8h5ew_0_s1_f3_0420.npz,HARD,hyperbolic,0.1167804803699255,1.2320379614830017,2,2
pxa8kn8h5ew_0_s1_f4_0421.npz,HARD,hyperbolic,0.07338105638821919,0.43461018800735474,6,6
pxa8kn8h5ew_0_s2_f0_0422.npz,HARD,hyperbolic,0.075393583974801,0.3755054138600826,8,8
pxa8kn8h5ew_0_s2_f1_0423.npz,HARD,hyperbolic,0.069361319176096,0.38746075704693794,8,8
pxa8kn8h5ew_0_s2_f2_0424.npz,HARD,hyperbolic,0.0910969976335764,0.2695843979716301,10,10
pxa8kn8h5ew_0_s2_f3_0425.npz,HARD,hyperbolic,0.06835839167858164,0.2895018644630909,12,12
pxa8kn8h5ew_0_s2_f4_0426.npz,HARD,hyperbolic,0.04790778144481866,0.20937374146545634,17,17
q6Vwbg3SOSc_0_s0_f0_0427.npz,HARD,hyperbolic,0.31985798478126526,4.346261978149414,1,1
q6Vwbg3SOSc_0_s0_f1_0428.npz,HARD,hyperbolic,0.02986796945333481,5.364130973815918,1,1
q6Vwbg3SOSc_0_s0_f2_0429.npz,HARD,hyperbolic,0.12890180945396423,5.690662384033203,1,1
q6Vwbg3SOSc_0_s0_f4_0430.npz,HARD,hyperbolic,0.1658998280763626,2.913569211959839,1,1
q6Vwbg3SOSc_0_s1_f0_0431.npz,HARD,hyperbolic,0.15406396985054016,4.474330902099609,1,1
q6Vwbg3SOSc_0_s1_f1_0432.npz,HARD,hyperbolic,0.2632229079802831,1.0352643728256226,3,3
q6Vwbg3SOSc_0_s1_f3_0433.npz,HARD,hyperbolic,0.21972581247488657,0.8358850479125977,3,3
q6Vwbg3SOSc_0_s2_f0_0434.npz,HARD,hyperbolic,0.08766130978862445,1.3619359334309895,3,3
q6Vwbg3SOSc_0_s2_f1_0435.npz,HARD,hyperbolic,0.10420889906585216,0.1513478997349739,25,25
q6Vwbg3SOSc_0_s2_f2_0436.npz,HARD,hyperbolic,0.18928675027564168,0.8911639004945755,4,4
q6Vwbg3SOSc_0_s2_f3_0437.npz,HARD,hyperbolic,0.05921648861840367,2.2803601026535034,2,2
q6Vwbg3SOSc_0_s2_f4_0438.npz,HARD,hyperbolic,0.2646150588989258,1.1820710897445679,3,3
qD-UEwVEDP0_0_s0_f1_0439.npz,HARD,hyperbolic,0.05357387848198414,2.3117107152938843,2,2
qD-UEwVEDP0_0_s1_f1_0440.npz,HARD,hyperbolic,0.04325828328728676,2.0918164253234863,1,1
qD-UEwVEDP0_0_s1_f2_0441.npz,HARD,hyperbolic,0.11303236987441778,0.6660625338554382,4,4
qD-UEwVEDP0_0_s2_f1_0442.npz,HARD,hyperbolic,0.07962161436056098,0.19609502951304117,15,15
qD-UEwVEDP0_0_s2_f2_0443.npz,HARD,hyperbolic,0.048562633762644095,0.2858835147185759,11,11
qD-UEwVEDP0_0_s2_f3_0444.npz,HARD,hyperbolic,0.19252045499160886,0.8342418074607849,4,4
rq5RDUm2Hnk_1_s0_f0_0457.npz,HARD,hyperbolic,0.19136896977821985,0.8988938728968302,3,3
rq5RDUm2Hnk_1_s0_f2_0458.npz,HARD,hyperbolic,0.0583852082490921,0.8364503532648087,4,4
rq5RDUm2Hnk_1_s0_f3_0459.npz,HARD,hyperbolic,0.2382040172815323,2.2717385292053223,1,1
rq5RDUm2Hnk_1_s0_f4_0460.npz,HARD,hyperbolic,0.14755497872829437,1.3878942728042603,1,1
rq5RDUm2Hnk_1_s1_f0_0461.npz,HARD,hyperbolic,0.12953557074069977,2.530872106552124,1,1
rq5RDUm2Hnk_1_s1_f1_0462.npz,HARD,hyperbolic,0.07278848579153419,0.4797783076763153,5,5
rq5RDUm2Hnk_1_s1_f2_0463.npz,HARD,hyperbolic,0.07076231017708778,0.42281538248062134,5,5
rq5RDUm2Hnk_1_s1_f3_0464.npz,HARD,hyperbolic,0.1082988171838224,0.41761406262715656,6,6
rq5RDUm2Hnk_1_s1_f4_0465.npz,HARD,hyperbolic,0.1210905876941979,0.2298461360236009,12,12
rq5RDUm2Hnk_1_s2_f0_0466.npz,HARD,hyperbolic,0.05356728035258129,0.22429565712809563,16,16
rq5RDUm2Hnk_1_s2_f1_0467.npz,HARD,hyperbolic,0.06676509481928262,0.1655881538202888,19,19
rq5RDUm2Hnk_1_s2_f2_0468.npz,HARD,hyperbolic,0.06291266952493144,0.12869811701503667,22,22
rq5RDUm2Hnk_1_s2_f3_0469.npz,HARD,hyperbolic,0.053214829706121236,0.20668447064235806,16,16
rq5RDUm2Hnk_1_s2_f4_0470.npz,HARD,hyperbolic,0.1020177835598588,0.22303915449551173,14,14
s6dj_CqT0Mk_0_s0_f0_0471.npz,HARD,hyperbolic,0.17128925025463104,3.3118696212768555,1,1
s6dj_CqT0Mk_0_s0_f1_0472.npz,HARD,hyperbolic,0.1260448694229126,2.8769478797912598,1,1
s6dj_CqT0Mk_0_s0_f2_0473.npz,HARD,hyperbolic,0.05419018864631653,3.6973233222961426,1,1
s6dj_CqT0Mk_0_s1_f0_0474.npz,HARD,hyperbolic,0.10328133797156624,0.49639999369780224,6,6
s6dj_CqT0Mk_0_s1_f1_0475.npz,HARD,hyperbolic,0.14294032069543997,0.47294893364111584,6,6
s6dj_CqT0Mk_0_s1_f2_0476.npz,HARD,hyperbolic,0.14422479830682278,0.9554707705974579,4,4
s6dj_CqT0Mk_0_s1_f3_0477.npz,HARD,hyperbolic,0.13689965894445777,0.4405433051288128,8,8
s6dj_CqT0Mk_0_s1_f4_0478.npz,HARD,hyperbolic,0.08861982418845098,0.5432187616825104,6,6
s6dj_CqT0Mk_0_s2_f0_0479.npz,HARD,hyperbolic,0.05676989252161649,0.17782239243388176,18,18
s6dj_CqT0Mk_0_s2_f1_0480.npz,HARD,hyperbolic,0.06641872618911293,0.20297398883849382,16,16
s6dj_CqT0Mk_0_s2_f2_0481.npz,HARD,hyperbolic,0.059479389720681036,0.15247068452564153,22,22
s6dj_CqT0Mk_0_s2_f3_0482.npz,HARD,hyperbolic,0.06909637397620827,0.1937736328691244,16,16
s6dj_CqT0Mk_0_s2_f4_0483.npz,HARD,hyperbolic,0.06267048994777724,0.13650302619983753,24,24
s6dj_CqT0Mk_1_s0_f0_0484.npz,HARD,hyperbolic,0.0352555513381958,2.064793109893799,1,1
s6dj_CqT0Mk_1_s0_f2_0485.npz,HARD,hyperbolic,0.0415002778172493,2.8894193172454834,1,1
s6dj_CqT0Mk_1_s0_f4_0486.npz,HARD,hyperbolic,0.07701461017131805,1.3526673316955566,1,1
s6dj_CqT0Mk_1_s1_f0_0487.npz,HARD,hyperbolic,0.1031702533364296,0.5035453041394552,6,6
s6dj_CqT0Mk_1_s1_f1_0488.npz,HARD,hyperbolic,0.12424342520534992,0.6987619400024414,4,4
s6dj_CqT0Mk_1_s1_f2_0489.npz,HARD,hyperbolic,0.26175333466380835,0.7288679778575897,4,4
s6dj_CqT0Mk_1_s1_f3_0490.npz,HARD,hyperbolic,0.15841296392803392,0.6036753008762995,6,6
s6dj_CqT0Mk_1_s1_f4_0491.npz,HARD,hyperbolic,0.15372894518077374,0.6420145630836487,4,4
s6dj_CqT0Mk_1_s2_f0_0492.npz,HARD,hyperbolic,0.05039235584748288,0.18589371401402685,18,18
s6dj_CqT0Mk_1_s2_f1_0493.npz,HARD,hyperbolic,0.05548911933930448,0.2543154244239514,13,13
s6dj_CqT0Mk_1_s2_f2_0494.npz,HARD,hyperbolic,0.08229247827839573,0.16397496461868286,20,20
s6dj_CqT0Mk_1_s2_f3_0495.npz,HARD,hyperbolic,0.08013091161847115,0.1036527859667937,30,30
s6dj_CqT0Mk_1_s2_f4_0496.npz,HARD,hyperbolic,0.05057900574277429,0.19617511332035065,17,17
u4v75o5WxYw_7_s0_f2_0519.npz,HARD,hyperbolic,0.15319913625717163,2.0244054794311523,1,1
u4v75o5WxYw_7_s0_f3_0520.npz,HARD,hyperbolic,0.046709563583135605,3.282914161682129,1,1
u4v75o5WxYw_7_s0_f4_0521.npz,HARD,hyperbolic,0.1658453792333603,0.967424213886261,2,2
u4v75o5WxYw_7_s1_f0_0522.npz,HARD,hyperbolic,0.07920639609801583,0.45208155115445453,6,6
u4v75o5WxYw_7_s1_f1_0523.npz,HARD,hyperbolic,0.08081478206440806,0.39580175280570984,6,6
u4v75o5WxYw_7_s1_f2_0524.npz,HARD,hyperbolic,0.14710824967672428,0.4565965582927068,6,6
u4v75o5WxYw_7_s1_f3_0525.npz,HARD,hyperbolic,0.08149768544535618,0.345691803842783,8,8
u4v75o5WxYw_7_s1_f4_0526.npz,HARD,hyperbolic,0.13469361048191786,0.38640400767326355,8,8
u4v75o5WxYw_7_s2_f0_0527.npz,HARD,hyperbolic,0.08057666409553753,0.17998357365528742,18,18
u4v75o5WxYw_7_s2_f1_0528.npz,HARD,hyperbolic,0.059498684364371,0.2514810764363834,14,14
u4v75o5WxYw_7_s2_f2_0529.npz,HARD,hyperbolic,0.15310654789209366,0.17165654191845342,19,19
u4v75o5WxYw_7_s2_f3_0530.npz,HARD,hyperbolic,0.07314623129140171,0.18083816766738892,18,18
u4v75o5WxYw_7_s2_f4_0531.npz,HARD,hyperbolic,0.09434458456235006,0.2000678200274706,16,16
uCK7Gok3u0U_5_s0_f0_0532.npz,HARD,hyperbolic,0.23443492501974106,1.8693918585777283,2,2
uCK7Gok3u0U_5_s0_f1_0533.npz,HARD,hyperbolic,0.23009690642356873,1.9360349774360657,2,2
uCK7Gok3u0U_5_s0_f2_0534.npz,HARD,hyperbolic,0.23034466803073883,1.8727463483810425,2,2
uCK7Gok3u0U_5_s0_f3_0535.npz,HARD,hyperbolic,0.15843778289854527,0.9855173081159592,4,4
uCK7Gok3u0U_5_s0_f4_0536.npz,HARD,hyperbolic,0.16525017470121384,0.942977249622345,4,4
uCK7Gok3u0U_5_s1_f1_0537.npz,HARD,hyperbolic,0.11777590960264206,2.8593170642852783,1,1
uCK7Gok3u0U_5_s1_f4_0538.npz,HARD,hyperbolic,0.03326134756207466,2.524256706237793,1,1
uCK7Gok3u0U_5_s2_f0_0539.npz,HARD,hyperbolic,0.03518952784667674,0.19080406348956258,19,19
uCK7Gok3u0U_5_s2_f1_0540.npz,HARD,hyperbolic,0.03305863866116852,0.18363843485713005,20,20
uCK7Gok3u0U_5_s2_f2_0541.npz,HARD,hyperbolic,0.0413568119126323,0.18749747542958511,19,19
uCK7Gok3u0U_5_s2_f3_0542.npz,HARD,hyperbolic,0.04099461199560513,0.2375450591246287,15,15
uCK7Gok3u0U_5_s2_f4_0543.npz,HARD,hyperbolic,0.03841418569390953,0.22194464039057493,16,16
xGeqjlPz4kw_4_s0_f0_0618.npz,HARD,hyperbolic,0.23699683944384256,0.6647781531016032,3,3
xGeqjlPz4kw_4_s0_f1_0619.npz,HARD,hyperbolic,0.10800622031092644,1.299544632434845,2,2
xGeqjlPz4kw_4_s0_f2_0620.npz,HARD,hyperbolic,0.1654779016971588,1.8494486808776855,1,1
xGeqjlPz4kw_4_s0_f3_0621.npz,HARD,hyperbolic,0.1942345302551985,0.5644456088542938,5,5
xGeqjlPz4kw_4_s0_f4_0622.npz,HARD,hyperbolic,0.17336698373158774,0.9039510687192281,3,3
xGeqjlPz4kw_4_s1_f0_0623.npz,HARD,hyperbolic,0.14642459154129028,0.6244283467531204,4,4
xGeqjlPz4kw_4_s1_f1_0624.npz,HARD,hyperbolic,0.13405942650777952,0.41631018689700533,7,7
xGeqjlPz4kw_4_s1_f2_0625.npz,HARD,hyperbolic,0.1615452120701472,0.7604342103004456,3,3
xGeqjlPz4kw_4_s1_f3_0626.npz,HARD,hyperbolic,0.15502267827590308,0.4693624973297119,6,6
xGeqjlPz4kw_4_s1_f4_0627.npz,HARD,hyperbolic,0.11573662981390953,0.6274218857288361,4,4
xGeqjlPz4kw_4_s2_f0_0628.npz,HARD,hyperbolic,0.037671665319552024,0.2442201425631841,15,15
xGeqjlPz4kw_4_s2_f1_0629.npz,HARD,hyperbolic,0.07275307569652796,0.38827058374881745,10,10
xGeqjlPz4kw_4_s2_f2_0630.npz,HARD,hyperbolic,0.057133518951013686,0.3780606836080551,10,10
xGeqjlPz4kw_4_s2_f3_0631.npz,HARD,hyperbolic,0.05327886425786548,0.4170418977737427,9,9
xGeqjlPz4kw_4_s2_f4_0632.npz,HARD,hyperbolic,0.053571604371357426,0.232481728379543,13,13
xLXcCv45AYg_22_s0_f0_0633.npz,HARD,hyperbolic,0.28975361585617065,1.9520624876022339,1,1
xLXcCv45AYg_22_s1_f0_0634.npz,HARD,hyperbolic,0.20298399403691292,1.4695488214492798,2,2
xLXcCv45AYg_22_s1_f1_0635.npz,HARD,hyperbolic,0.13953104056417942,1.0524493306875229,4,4
xLXcCv45AYg_22_s1_f2_0636.npz,HARD,hyperbolic,0.1853825505822897,0.6257183402776718,4,4
xLXcCv45AYg_22_s1_f3_0637.npz,HARD,hyperbolic,0.2562151253223419,2.0734114050865173,2,2
xLXcCv45AYg_22_s1_f4_0638.npz,HARD,hyperbolic,0.22623293846845627,1.0724237561225891,2,2
xLXcCv45AYg_22_s2_f0_0639.npz,HARD,hyperbolic,0.04904305742820725,0.8318120340506235,6,6
xLXcCv45AYg_22_s2_f1_0640.npz,HARD,hyperbolic,0.060956908256879876,0.6038667900221688,7,7
xLXcCv45AYg_22_s2_f2_0641.npz,HARD,hyperbolic,0.06769331911345944,0.24777183588594198,16,16
xLXcCv45AYg_22_s2_f3_0642.npz,HARD,hyperbolic,0.04643247916828841,0.5093556642532349,10,10
xLXcCv45AYg_22_s2_f4_0643.npz,HARD,hyperbolic,0.17684892068306604,0.5357199435432752,6,6
x_w-93ctLN0_2_s0_f0_0607.npz,HARD,hyperbolic,0.1046714037656784,3.5766336917877197,1,1
x_w-93ctLN0_2_s0_f1_0608.npz,HARD,hyperbolic,0.18019822239875793,1.5851479768753052,1,1
x_w-93ctLN0_2_s0_f3_0609.npz,HARD,hyperbolic,0.00038392096757888794,3.965862512588501,1,1
x_w-93ctLN0_2_s1_f0_0610.npz,HARD,hyperbolic,0.092692487873137,0.4262463003396988,8,8
x_w-93ctLN0_2_s1_f1_0611.npz,HARD,hyperbolic,0.13531505316495895,0.8078860640525818,3,3
x_w-93ctLN0_2_s1_f3_0612.npz,HARD,hyperbolic,0.12013260833919048,1.0180597305297852,2,2
x_w-93ctLN0_2_s1_f4_0613.npz,HARD,hyperbolic,0.10686357966106799,0.32552868955665165,9,9
x_w-93ctLN0_2_s2_f0_0614.npz,HARD,hyperbolic,0.12002613978391444,0.11907389870396366,27,27
x_w-93ctLN0_2_s2_f1_0615.npz,HARD,hyperbolic,0.10463764673098921,0.1312587168812752,25,25
x_w-93ctLN0_2_s2_f3_0616.npz,HARD,hyperbolic,0.13619525414770065,0.14082464608161346,23,23
x_w-93ctLN0_2_s2_f4_0617.npz,HARD,hyperbolic,0.12089552875194284,0.18409537855121824,18,18
xv7eM6-UmkY_14_s0_f0_0644.npz,HARD,hyperbolic,0.23503455519676208,2.888745069503784,1,1
xv7eM6-UmkY_14_s0_f1_0645.npz,HARD,hyperbolic,0.0416332995519042,1.0118163228034973,2,2
xv7eM6-UmkY_14_s0_f2_0646.npz,HARD,hyperbolic,0.10057004913687706,1.1224035620689392,2,2
xv7eM6-UmkY_14_s0_f3_0647.npz,HARD,hyperbolic,0.021151165788372357,0.7580541968345642,3,3
xv7eM6-UmkY_14_s0_f4_0648.npz,HARD,hyperbolic,0.0064096455462276936,3.554211139678955,1,1
xv7eM6-UmkY_14_s1_f0_0649.npz,HARD,hyperbolic,0.07192341407062486,0.6746678054332733,5,5
xv7eM6-UmkY_14_s1_f1_0650.npz,HARD,hyperbolic,0.07296434952877462,0.5787305235862732,4,4
xv7eM6-UmkY_14_s1_f2_0651.npz,HARD,hyperbolic,0.06849963652590911,0.39743952949841815,6,6
xv7eM6-UmkY_14_s1_f3_0652.npz,HARD,hyperbolic,0.05400331481359899,0.17415773017065866,14,14
xv7eM6-UmkY_14_s1_f4_0653.npz,HARD,hyperbolic,0.07577224541455507,0.7637278139591217,4,4
xv7eM6-UmkY_14_s2_f0_0654.npz,HARD,hyperbolic,0.09899156182275518,0.13476819253486136,23,23
xv7eM6-UmkY_14_s2_f1_0655.npz,HARD,hyperbolic,0.1171741723353693,0.05765381126209747,43,43
xv7eM6-UmkY_14_s2_f2_0656.npz,HARD,hyperbolic,0.10057070111835618,0.11720977432054022,23,23
xv7eM6-UmkY_14_s2_f3_0657.npz,HARD,hyperbolic,0.1333670487184441,0.0649645271279463,41,41
xv7eM6-UmkY_14_s2_f4_0658.npz,HARD,hyperbolic,0.1294579285507401,0.10953521449118853,24,24
